{
  "vib": 1,
  "task": "PACS_c4",
  "ckpt": "/root/fl_checkpoints/sgpa_PACS_c4_s15_R200_1776795835",
  "probe_sem_domain": {
    "linear": {
      "train": 0.5780403057678943,
      "test": 0.5597554196775987
    },
    "mlp_16": {
      "train": 0.7366226546212647,
      "test": 0.7148415786548082
    },
    "mlp_64": {
      "train": 0.7601111883252258,
      "test": 0.7354085603112841
    },
    "mlp_128": {
      "train": 0.785823488533704,
      "test": 0.7709838799332963
    },
    "mlp_256": {
      "train": 0.8184850590687978,
      "test": 0.7982212340188994
    }
  },
  "probe_sty_domain": {
    "linear": {
      "train": 0.559694232105629,
      "test": 0.5603112840466926
    },
    "mlp_16": {
      "train": 0.3933287004864489,
      "test": 0.39299610894941633
    },
    "mlp_64": {
      "train": 0.9945795691452397,
      "test": 0.9933296275708727
    },
    "mlp_128": {
      "train": 0.9954134815844337,
      "test": 0.9938854919399667
    },
    "mlp_256": {
      "train": 0.9949965253648367,
      "test": 0.9933296275708727
    }
  },
  "probe_sem_class": {
    "linear": {
      "train": 0.9546907574704656,
      "test": 0.9610894941634242
    },
    "mlp_16": {
      "train": 0.9526059763724809,
      "test": 0.9599777654252363
    },
    "mlp_64": {
      "train": 0.9544127866574009,
      "test": 0.9610894941634242
    },
    "mlp_128": {
      "train": 0.9528839471855455,
      "test": 0.9599777654252363
    },
    "mlp_256": {
      "train": 0.9545517720639333,
      "test": 0.962201222901612
    }
  },
  "probe_sty_class": {
    "linear": {
      "train": 0.30229325920778316,
      "test": 0.28627015008337964
    },
    "mlp_16": {
      "train": 0.16678248783877692,
      "test": 0.16120066703724292
    },
    "mlp_64": {
      "train": 0.7184155663655316,
      "test": 0.7026125625347415
    },
    "mlp_128": {
      "train": 0.7096594857539958,
      "test": 0.6914952751528627
    },
    "mlp_256": {
      "train": 0.7282835302293259,
      "test": 0.7165091717620901
    }
  }
}