{
  "vib": 1,
  "task": "PACS_c4",
  "ckpt": "/root/fl_checkpoints/sgpa_PACS_c4_s333_R200_1776795736",
  "probe_sem_domain": {
    "linear": {
      "train": 0.5445448227936067,
      "test": 0.5264035575319622
    },
    "mlp_16": {
      "train": 0.6804725503822099,
      "test": 0.6448026681489717
    },
    "mlp_64": {
      "train": 0.749131341209173,
      "test": 0.7242912729294052
    },
    "mlp_128": {
      "train": 0.8112578179291174,
      "test": 0.7843246247915509
    },
    "mlp_256": {
      "train": 0.8290479499652537,
      "test": 0.7993329627570873
    }
  },
  "probe_sty_domain": {
    "linear": {
      "train": 0.7531619179986101,
      "test": 0.7587548638132295
    },
    "mlp_16": {
      "train": 0.3933287004864489,
      "test": 0.39299610894941633
    },
    "mlp_64": {
      "train": 0.9954134815844337,
      "test": 0.9949972206781545
    },
    "mlp_128": {
      "train": 0.9974982626824184,
      "test": 0.9972206781545303
    },
    "mlp_256": {
      "train": 0.9986101459346769,
      "test": 0.9983324068927182
    }
  },
  "probe_sem_class": {
    "linear": {
      "train": 0.9605281445448228,
      "test": 0.9644246803779878
    },
    "mlp_16": {
      "train": 0.9605281445448228,
      "test": 0.9616453585325181
    },
    "mlp_64": {
      "train": 0.9608061153578874,
      "test": 0.9649805447470817
    },
    "mlp_128": {
      "train": 0.961501042390549,
      "test": 0.9683157309616454
    },
    "mlp_256": {
      "train": 0.9626129256428075,
      "test": 0.9705391884380211
    }
  },
  "probe_sty_class": {
    "linear": {
      "train": 0.32536483669214733,
      "test": 0.31017231795441913
    },
    "mlp_16": {
      "train": 0.16678248783877692,
      "test": 0.16120066703724292
    },
    "mlp_64": {
      "train": 0.7770674079221682,
      "test": 0.7670928293496387
    },
    "mlp_128": {
      "train": 0.7883252258512856,
      "test": 0.7798777098387993
    },
    "mlp_256": {
      "train": 0.8672689367616401,
      "test": 0.8727070594774875
    }
  }
}