{
  "vib": 1,
  "task": "PACS_c4",
  "ckpt": "/root/fl_checkpoints/sgpa_PACS_c4_s2_R200_1776795745",
  "probe_sem_domain": {
    "linear": {
      "train": 0.537595552466991,
      "test": 0.5252918287937743
    },
    "mlp_16": {
      "train": 0.3933287004864489,
      "test": 0.39299610894941633
    },
    "mlp_64": {
      "train": 0.8082001389854065,
      "test": 0.7909949972206781
    },
    "mlp_128": {
      "train": 0.8636553161917999,
      "test": 0.8443579766536965
    },
    "mlp_256": {
      "train": 0.8604586518415567,
      "test": 0.849360755975542
    }
  },
  "probe_sty_domain": {
    "linear": {
      "train": 0.5655316191799861,
      "test": 0.5636464702612562
    },
    "mlp_16": {
      "train": 0.9952744961779013,
      "test": 0.9927737632017788
    },
    "mlp_64": {
      "train": 0.9969423210562891,
      "test": 0.9972206781545303
    },
    "mlp_128": {
      "train": 0.9962473940236275,
      "test": 0.9955530850472485
    },
    "mlp_256": {
      "train": 0.9986101459346769,
      "test": 0.9988882712618121
    }
  },
  "probe_sem_class": {
    "linear": {
      "train": 0.9624739402362752,
      "test": 0.9605336297943302
    },
    "mlp_16": {
      "train": 0.9609451007644197,
      "test": 0.9583101723179545
    },
    "mlp_64": {
      "train": 0.9596942321056289,
      "test": 0.9583101723179545
    },
    "mlp_128": {
      "train": 0.9612230715774843,
      "test": 0.9577543079488605
    },
    "mlp_256": {
      "train": 0.9628908964558721,
      "test": 0.9605336297943302
    }
  },
  "probe_sty_class": {
    "linear": {
      "train": 0.2838082001389854,
      "test": 0.2784880489160645
    },
    "mlp_16": {
      "train": 0.7228630993745657,
      "test": 0.7331851028349082
    },
    "mlp_64": {
      "train": 0.723002084781098,
      "test": 0.7226236798221234
    },
    "mlp_128": {
      "train": 0.7603891591382905,
      "test": 0.7620900500277932
    },
    "mlp_256": {
      "train": 0.8380820013898541,
      "test": 0.8360200111172874
    }
  }
}