{
  "vib": 1,
  "task": "PACS_c4",
  "ckpt": "/root/fl_checkpoints/sgpa_PACS_c4_s333_R200_1776795699",
  "probe_sem_domain": {
    "linear": {
      "train": 0.5239749826268242,
      "test": 0.5019455252918288
    },
    "mlp_16": {
      "train": 0.7136900625434329,
      "test": 0.7020566981656475
    },
    "mlp_64": {
      "train": 0.7865184155663655,
      "test": 0.7626459143968871
    },
    "mlp_128": {
      "train": 0.7934676858929812,
      "test": 0.7648693718732629
    },
    "mlp_256": {
      "train": 0.7869353717859625,
      "test": 0.7609783212896053
    }
  },
  "probe_sty_domain": {
    "linear": {
      "train": 0.5580264072272412,
      "test": 0.5580878265703169
    },
    "mlp_16": {
      "train": 0.3933287004864489,
      "test": 0.39299610894941633
    },
    "mlp_64": {
      "train": 1.0,
      "test": 1.0
    },
    "mlp_128": {
      "train": 0.9998610145934677,
      "test": 1.0
    },
    "mlp_256": {
      "train": 0.9991660875608062,
      "test": 0.9994441356309061
    }
  },
  "probe_sem_class": {
    "linear": {
      "train": 0.9578874218207089,
      "test": 0.9599777654252363
    },
    "mlp_16": {
      "train": 0.9567755385684503,
      "test": 0.9588660366870484
    },
    "mlp_64": {
      "train": 0.9580264072272412,
      "test": 0.9605336297943302
    },
    "mlp_128": {
      "train": 0.958860319666435,
      "test": 0.9605336297943302
    },
    "mlp_256": {
      "train": 0.9564975677553856,
      "test": 0.9583101723179545
    }
  },
  "probe_sty_class": {
    "linear": {
      "train": 0.3595552466990966,
      "test": 0.3479710950528071
    },
    "mlp_16": {
      "train": 0.6258512856150105,
      "test": 0.6409116175653141
    },
    "mlp_64": {
      "train": 0.7342599027102155,
      "test": 0.7281823235130628
    },
    "mlp_128": {
      "train": 0.7688672689367616,
      "test": 0.7793218454697054
    },
    "mlp_256": {
      "train": 0.8672689367616401,
      "test": 0.8715953307392996
    }
  }
}