{
  "vib": 1,
  "task": "PACS_c4",
  "ckpt": "/root/fl_checkpoints/sgpa_PACS_c4_s15_R200_1776795818",
  "probe_sem_domain": {
    "linear": {
      "train": 0.5634468380820014,
      "test": 0.5441912173429683
    },
    "mlp_16": {
      "train": 0.7085476025017373,
      "test": 0.69816564758199
    },
    "mlp_64": {
      "train": 0.7580264072272411,
      "test": 0.7304057809894385
    },
    "mlp_128": {
      "train": 0.7596942321056289,
      "test": 0.7404113396331296
    },
    "mlp_256": {
      "train": 0.7749826268241835,
      "test": 0.7570872707059477
    }
  },
  "probe_sty_domain": {
    "linear": {
      "train": 0.8718554551772064,
      "test": 0.8699277376320178
    },
    "mlp_16": {
      "train": 0.3933287004864489,
      "test": 0.39299610894941633
    },
    "mlp_64": {
      "train": 0.9995830437804031,
      "test": 0.9994441356309061
    },
    "mlp_128": {
      "train": 0.9986101459346769,
      "test": 0.9994441356309061
    },
    "mlp_256": {
      "train": 0.9998610145934677,
      "test": 0.9994441356309061
    }
  },
  "probe_sem_class": {
    "linear": {
      "train": 0.9580264072272412,
      "test": 0.9577543079488605
    },
    "mlp_16": {
      "train": 0.9573314801945796,
      "test": 0.9577543079488605
    },
    "mlp_64": {
      "train": 0.9577484364141765,
      "test": 0.9588660366870484
    },
    "mlp_128": {
      "train": 0.9594162612925643,
      "test": 0.962201222901612
    },
    "mlp_256": {
      "train": 0.9571924947880472,
      "test": 0.9566425792106726
    }
  },
  "probe_sty_class": {
    "linear": {
      "train": 0.35441278665740095,
      "test": 0.34463590883824347
    },
    "mlp_16": {
      "train": 0.5687282835302293,
      "test": 0.5758754863813229
    },
    "mlp_64": {
      "train": 0.6403057678943711,
      "test": 0.6303501945525292
    },
    "mlp_128": {
      "train": 0.6952050034746352,
      "test": 0.6725958866036688
    },
    "mlp_256": {
      "train": 0.7007644197359277,
      "test": 0.688160088938299
    }
  }
}