{
  "vib": 1,
  "task": "PACS_c4",
  "ckpt": "/root/fl_checkpoints/sgpa_PACS_c4_s2_R200_1776795770",
  "probe_sem_domain": {
    "linear": {
      "train": 0.6143154968728284,
      "test": 0.5981100611450806
    },
    "mlp_16": {
      "train": 0.7318971507991661,
      "test": 0.7304057809894385
    },
    "mlp_64": {
      "train": 0.8489228630993746,
      "test": 0.8354641467481935
    },
    "mlp_128": {
      "train": 0.8561501042390549,
      "test": 0.8415786548082268
    },
    "mlp_256": {
      "train": 0.869909659485754,
      "test": 0.8543635352973874
    }
  },
  "probe_sty_domain": {
    "linear": {
      "train": 0.554412786657401,
      "test": 0.5530850472484714
    },
    "mlp_16": {
      "train": 0.3933287004864489,
      "test": 0.39299610894941633
    },
    "mlp_64": {
      "train": 0.3933287004864489,
      "test": 0.39299610894941633
    },
    "mlp_128": {
      "train": 0.9990271021542738,
      "test": 0.9977765425236242
    },
    "mlp_256": {
      "train": 0.9997220291869354,
      "test": 0.9994441356309061
    }
  },
  "probe_sem_class": {
    "linear": {
      "train": 0.9613620569840167,
      "test": 0.9655364091161757
    },
    "mlp_16": {
      "train": 0.9608061153578874,
      "test": 0.9672040022234575
    },
    "mlp_64": {
      "train": 0.9602501737317581,
      "test": 0.9644246803779878
    },
    "mlp_128": {
      "train": 0.9610840861709521,
      "test": 0.9672040022234575
    },
    "mlp_256": {
      "train": 0.9603891591382905,
      "test": 0.9660922734852696
    }
  },
  "probe_sty_class": {
    "linear": {
      "train": 0.3348158443363447,
      "test": 0.3257365202890495
    },
    "mlp_16": {
      "train": 0.25573314801945796,
      "test": 0.23346303501945526
    },
    "mlp_64": {
      "train": 0.7826268241834607,
      "test": 0.7682045580878266
    },
    "mlp_128": {
      "train": 0.7124391938846422,
      "test": 0.6964980544747081
    },
    "mlp_256": {
      "train": 0.7482974287699792,
      "test": 0.7354085603112841
    }
  }
}