{
  "vib": 0,
  "task": "PACS_c4",
  "ckpt": "/root/fl_checkpoints/sgpa_PACS_c4_s333_R200_1776795785",
  "probe_sem_domain": {
    "linear": {
      "train": 0.4493398193189715,
      "test": 0.4558087826570317
    },
    "mlp_16": {
      "train": 0.4637943015983322,
      "test": 0.45247359644246804
    },
    "mlp_64": {
      "train": 0.6485059068797776,
      "test": 0.6286826014452473
    },
    "mlp_128": {
      "train": 0.6497567755385685,
      "test": 0.6481378543635353
    },
    "mlp_256": {
      "train": 0.6756080611535789,
      "test": 0.6675931072818232
    }
  },
  "probe_sty_domain": {
    "linear": {
      "train": 0.7652536483669214,
      "test": 0.7648693718732629
    },
    "mlp_16": {
      "train": 0.7642807505211953,
      "test": 0.763201778765981
    },
    "mlp_64": {
      "train": 0.9991660875608062,
      "test": 0.9977765425236242
    },
    "mlp_128": {
      "train": 1.0,
      "test": 1.0
    },
    "mlp_256": {
      "train": 0.9997220291869354,
      "test": 0.9977765425236242
    }
  },
  "probe_sem_class": {
    "linear": {
      "train": 0.9628908964558721,
      "test": 0.9677598665925514
    },
    "mlp_16": {
      "train": 0.9619179986101459,
      "test": 0.9666481378543635
    },
    "mlp_64": {
      "train": 0.9609451007644197,
      "test": 0.9688715953307393
    },
    "mlp_128": {
      "train": 0.9609451007644197,
      "test": 0.9683157309616454
    },
    "mlp_256": {
      "train": 0.9610840861709521,
      "test": 0.9688715953307393
    }
  },
  "probe_sty_class": {
    "linear": {
      "train": 0.31841556636553164,
      "test": 0.31461923290717064
    },
    "mlp_16": {
      "train": 0.3054899235580264,
      "test": 0.3035019455252918
    },
    "mlp_64": {
      "train": 0.5795691452397498,
      "test": 0.5831017231795442
    },
    "mlp_128": {
      "train": 0.7733148019457957,
      "test": 0.7865480822679266
    },
    "mlp_256": {
      "train": 0.8686587908269632,
      "test": 0.8743746525847693
    }
  }
}