{
  "vib": 0,
  "task": "PACS_c4",
  "ckpt": "/root/fl_checkpoints/sgpa_PACS_c4_s15_R200_1776795758",
  "probe_sem_domain": {
    "linear": {
      "train": 0.4443363446838082,
      "test": 0.4396887159533074
    },
    "mlp_16": {
      "train": 0.46143154968728284,
      "test": 0.453029460811562
    },
    "mlp_64": {
      "train": 0.6397498262682418,
      "test": 0.6364647026125625
    },
    "mlp_128": {
      "train": 0.6157053509381515,
      "test": 0.6164535853251807
    },
    "mlp_256": {
      "train": 0.65045170257123,
      "test": 0.6475819899944414
    }
  },
  "probe_sty_domain": {
    "linear": {
      "train": 0.76455872133426,
      "test": 0.7648693718732629
    },
    "mlp_16": {
      "train": 0.9998610145934677,
      "test": 1.0
    },
    "mlp_64": {
      "train": 0.9997220291869354,
      "test": 1.0
    },
    "mlp_128": {
      "train": 1.0,
      "test": 1.0
    },
    "mlp_256": {
      "train": 0.9998610145934677,
      "test": 1.0
    }
  },
  "probe_sem_class": {
    "linear": {
      "train": 0.9585823488533703,
      "test": 0.9655364091161757
    },
    "mlp_16": {
      "train": 0.9573314801945796,
      "test": 0.9672040022234575
    },
    "mlp_64": {
      "train": 0.9581653926337734,
      "test": 0.9666481378543635
    },
    "mlp_128": {
      "train": 0.9581653926337734,
      "test": 0.9672040022234575
    },
    "mlp_256": {
      "train": 0.9577484364141765,
      "test": 0.9666481378543635
    }
  },
  "probe_sty_class": {
    "linear": {
      "train": 0.2815844336344684,
      "test": 0.28349082823790994
    },
    "mlp_16": {
      "train": 0.4956219596942321,
      "test": 0.5075041689827682
    },
    "mlp_64": {
      "train": 0.5952744961779013,
      "test": 0.6153418565869928
    },
    "mlp_128": {
      "train": 0.6868658790826964,
      "test": 0.6970539188438021
    },
    "mlp_256": {
      "train": 0.6575399583043781,
      "test": 0.6720400222345748
    }
  }
}