{
  "vib": 0,
  "task": "PACS_c4",
  "ckpt": "/root/fl_checkpoints/sgpa_PACS_c4_s2_R200_1776795628",
  "probe_sem_domain": {
    "linear": {
      "train": 0.4444753300903405,
      "test": 0.4385769872151195
    },
    "mlp_16": {
      "train": 0.6514246004169563,
      "test": 0.6492495831017232
    },
    "mlp_64": {
      "train": 0.6487838776928423,
      "test": 0.6536964980544747
    },
    "mlp_128": {
      "train": 0.6874218207088256,
      "test": 0.6826014452473597
    },
    "mlp_256": {
      "train": 0.6843641417651146,
      "test": 0.6959421901056142
    }
  },
  "probe_sty_domain": {
    "linear": {
      "train": 0.7651146629603892,
      "test": 0.7654252362423568
    },
    "mlp_16": {
      "train": 0.7651146629603892,
      "test": 0.7654252362423568
    },
    "mlp_64": {
      "train": 0.9998610145934677,
      "test": 0.9994441356309061
    },
    "mlp_128": {
      "train": 1.0,
      "test": 1.0
    },
    "mlp_256": {
      "train": 0.9998610145934677,
      "test": 0.9994441356309061
    }
  },
  "probe_sem_class": {
    "linear": {
      "train": 0.9646977067407922,
      "test": 0.9677598665925514
    },
    "mlp_16": {
      "train": 0.9613620569840167,
      "test": 0.9616453585325181
    },
    "mlp_64": {
      "train": 0.9642807505211953,
      "test": 0.9660922734852696
    },
    "mlp_128": {
      "train": 0.9648366921473245,
      "test": 0.9683157309616454
    },
    "mlp_256": {
      "train": 0.9655316191799861,
      "test": 0.9655364091161757
    }
  },
  "probe_sty_class": {
    "linear": {
      "train": 0.30604586518415566,
      "test": 0.2990550305725403
    },
    "mlp_16": {
      "train": 0.4876997915218902,
      "test": 0.4858254585881045
    },
    "mlp_64": {
      "train": 0.4013898540653231,
      "test": 0.38243468593663144
    },
    "mlp_128": {
      "train": 0.8746351633078526,
      "test": 0.8754863813229572
    },
    "mlp_256": {
      "train": 0.866851980542043,
      "test": 0.8604780433574208
    }
  }
}