{
  "vib": 0,
  "task": "PACS_c4",
  "ckpt": "/root/fl_checkpoints/sgpa_PACS_c4_s15_R200_1776691413",
  "probe_sem_domain": {
    "linear": {
      "train": 1.0,
      "test": 1.0
    },
    "mlp_16": {
      "train": 0.9954134815844337,
      "test": 0.9972206781545303
    },
    "mlp_64": {
      "train": 0.9980542043085476,
      "test": 0.9972206781545303
    },
    "mlp_128": {
      "train": 1.0,
      "test": 1.0
    },
    "mlp_256": {
      "train": 1.0,
      "test": 0.9994441356309061
    }
  },
  "probe_sty_domain": {
    "linear": {
      "train": 1.0,
      "test": 1.0
    },
    "mlp_16": {
      "train": 1.0,
      "test": 1.0
    },
    "mlp_64": {
      "train": 1.0,
      "test": 1.0
    },
    "mlp_128": {
      "train": 1.0,
      "test": 1.0
    },
    "mlp_256": {
      "train": 1.0,
      "test": 1.0
    }
  },
  "probe_sem_class": {
    "linear": {
      "train": 0.958860319666435,
      "test": 0.9616453585325181
    },
    "mlp_16": {
      "train": 0.9580264072272412,
      "test": 0.9605336297943302
    },
    "mlp_64": {
      "train": 0.9577484364141765,
      "test": 0.9638688160088938
    },
    "mlp_128": {
      "train": 0.9585823488533703,
      "test": 0.962757087270706
    },
    "mlp_256": {
      "train": 0.958860319666435,
      "test": 0.962757087270706
    }
  },
  "probe_sty_class": {
    "linear": {
      "train": 0.9564975677553856,
      "test": 0.9599777654252363
    },
    "mlp_16": {
      "train": 0.944683808200139,
      "test": 0.9488604780433574
    },
    "mlp_64": {
      "train": 0.9526059763724809,
      "test": 0.9571984435797666
    },
    "mlp_128": {
      "train": 0.9482974287699791,
      "test": 0.9494163424124513
    },
    "mlp_256": {
      "train": 0.9526059763724809,
      "test": 0.9538632573652029
    }
  }
}