{
  "vib": 0,
  "task": "PACS_c4",
  "ckpt": "/root/fl_checkpoints/sgpa_PACS_c4_s333_R200_1776691555",
  "probe_sem_domain": {
    "linear": {
      "train": 1.0,
      "test": 1.0
    },
    "mlp_16": {
      "train": 1.0,
      "test": 1.0
    },
    "mlp_64": {
      "train": 0.9981931897150799,
      "test": 0.9949972206781545
    },
    "mlp_128": {
      "train": 0.9994440583738707,
      "test": 0.9983324068927182
    },
    "mlp_256": {
      "train": 0.9991660875608062,
      "test": 0.9949972206781545
    }
  },
  "probe_sty_domain": {
    "linear": {
      "train": 1.0,
      "test": 1.0
    },
    "mlp_16": {
      "train": 1.0,
      "test": 1.0
    },
    "mlp_64": {
      "train": 1.0,
      "test": 1.0
    },
    "mlp_128": {
      "train": 1.0,
      "test": 1.0
    },
    "mlp_256": {
      "train": 1.0,
      "test": 1.0
    }
  },
  "probe_sem_class": {
    "linear": {
      "train": 0.9587213342599027,
      "test": 0.9683157309616454
    },
    "mlp_16": {
      "train": 0.9595552466990966,
      "test": 0.9688715953307393
    },
    "mlp_64": {
      "train": 0.9594162612925643,
      "test": 0.9677598665925514
    },
    "mlp_128": {
      "train": 0.9595552466990966,
      "test": 0.9655364091161757
    },
    "mlp_256": {
      "train": 0.9598332175121612,
      "test": 0.9677598665925514
    }
  },
  "probe_sty_class": {
    "linear": {
      "train": 0.9578874218207089,
      "test": 0.9633129516397999
    },
    "mlp_16": {
      "train": 0.9142460041695621,
      "test": 0.9105058365758755
    },
    "mlp_64": {
      "train": 0.9580264072272412,
      "test": 0.9644246803779878
    },
    "mlp_128": {
      "train": 0.9580264072272412,
      "test": 0.962201222901612
    },
    "mlp_256": {
      "train": 0.9578874218207089,
      "test": 0.9649805447470817
    }
  }
}