{
  "vib": 1,
  "task": "office_caltech10_c4",
  "ckpt": "/root/fl_checkpoints/sgpa_office_caltech10_c4_s15_R200_1776772341",
  "probe_sem_domain": {
    "linear": {
      "train": 0.5879452054794521,
      "test": 0.5536105032822757
    },
    "mlp_16": {
      "train": 0.44164383561643833,
      "test": 0.4420131291028446
    },
    "mlp_64": {
      "train": 0.6734246575342466,
      "test": 0.6411378555798687
    },
    "mlp_128": {
      "train": 0.821917808219178,
      "test": 0.7111597374179431
    },
    "mlp_256": {
      "train": 0.9183561643835616,
      "test": 0.7330415754923414
    }
  },
  "probe_sty_domain": {
    "linear": {
      "train": 0.9189041095890411,
      "test": 0.8862144420131292
    },
    "mlp_16": {
      "train": 0.9304109589041096,
      "test": 0.9059080962800875
    },
    "mlp_64": {
      "train": 0.9232876712328767,
      "test": 0.8905908096280087
    },
    "mlp_128": {
      "train": 0.9567123287671233,
      "test": 0.9168490153172867
    },
    "mlp_256": {
      "train": 0.9654794520547946,
      "test": 0.9190371991247265
    }
  },
  "probe_sem_class": {
    "linear": {
      "train": 0.9715068493150685,
      "test": 0.9584245076586433
    },
    "mlp_16": {
      "train": 0.9605479452054795,
      "test": 0.9518599562363238
    },
    "mlp_64": {
      "train": 0.9578082191780822,
      "test": 0.9431072210065645
    },
    "mlp_128": {
      "train": 0.96,
      "test": 0.9540481400437637
    },
    "mlp_256": {
      "train": 0.9627397260273972,
      "test": 0.9518599562363238
    }
  },
  "probe_sty_class": {
    "linear": {
      "train": 0.9726027397260274,
      "test": 0.9562363238512035
    },
    "mlp_16": {
      "train": 0.9605479452054795,
      "test": 0.9431072210065645
    },
    "mlp_64": {
      "train": 0.9578082191780822,
      "test": 0.9452954048140044
    },
    "mlp_128": {
      "train": 0.949041095890411,
      "test": 0.9321663019693655
    },
    "mlp_256": {
      "train": 0.9610958904109589,
      "test": 0.9474835886214442
    }
  }
}