{
  "vib": 1,
  "task": "office_caltech10_c4",
  "ckpt": "/root/fl_checkpoints/sgpa_office_caltech10_c4_s333_R200_1776772341",
  "probe_sem_domain": {
    "linear": {
      "train": 0.5950684931506849,
      "test": 0.5754923413566739
    },
    "mlp_16": {
      "train": 0.5134246575342466,
      "test": 0.5032822757111597
    },
    "mlp_64": {
      "train": 0.8865753424657534,
      "test": 0.7396061269146609
    },
    "mlp_128": {
      "train": 0.8624657534246576,
      "test": 0.7439824945295405
    },
    "mlp_256": {
      "train": 0.9501369863013699,
      "test": 0.7833698030634574
    }
  },
  "probe_sty_domain": {
    "linear": {
      "train": 0.9347945205479452,
      "test": 0.925601750547046
    },
    "mlp_16": {
      "train": 0.896986301369863,
      "test": 0.8971553610503282
    },
    "mlp_64": {
      "train": 0.9227397260273973,
      "test": 0.9277899343544858
    },
    "mlp_128": {
      "train": 0.9052054794520548,
      "test": 0.9080962800875274
    },
    "mlp_256": {
      "train": 0.9638356164383561,
      "test": 0.9431072210065645
    }
  },
  "probe_sem_class": {
    "linear": {
      "train": 0.9715068493150685,
      "test": 0.9671772428884027
    },
    "mlp_16": {
      "train": 0.9578082191780822,
      "test": 0.9562363238512035
    },
    "mlp_64": {
      "train": 0.9616438356164384,
      "test": 0.9649890590809628
    },
    "mlp_128": {
      "train": 0.96,
      "test": 0.9693654266958425
    },
    "mlp_256": {
      "train": 0.9610958904109589,
      "test": 0.9649890590809628
    }
  },
  "probe_sty_class": {
    "linear": {
      "train": 0.9704109589041096,
      "test": 0.962800875273523
    },
    "mlp_16": {
      "train": 0.9556164383561644,
      "test": 0.9518599562363238
    },
    "mlp_64": {
      "train": 0.9517808219178082,
      "test": 0.9584245076586433
    },
    "mlp_128": {
      "train": 0.9539726027397261,
      "test": 0.9584245076586433
    },
    "mlp_256": {
      "train": 0.9583561643835616,
      "test": 0.9606126914660832
    }
  }
}