{
  "vib": 1,
  "task": "office_caltech10_c4",
  "ckpt": "/root/fl_checkpoints/sgpa_office_caltech10_c4_s2_R200_1776771442",
  "probe_sem_domain": {
    "linear": {
      "train": 0.5638356164383561,
      "test": 0.5273522975929978
    },
    "mlp_16": {
      "train": 0.4421917808219178,
      "test": 0.4420131291028446
    },
    "mlp_64": {
      "train": 0.7463013698630137,
      "test": 0.6827133479212254
    },
    "mlp_128": {
      "train": 0.8317808219178082,
      "test": 0.7308533916849015
    },
    "mlp_256": {
      "train": 0.8361643835616438,
      "test": 0.7221006564551422
    }
  },
  "probe_sty_domain": {
    "linear": {
      "train": 0.9298630136986301,
      "test": 0.8927789934354485
    },
    "mlp_16": {
      "train": 0.9178082191780822,
      "test": 0.8971553610503282
    },
    "mlp_64": {
      "train": 0.9172602739726028,
      "test": 0.899343544857768
    },
    "mlp_128": {
      "train": 0.958904109589041,
      "test": 0.936542669584245
    },
    "mlp_256": {
      "train": 0.9424657534246575,
      "test": 0.912472647702407
    }
  },
  "probe_sem_class": {
    "linear": {
      "train": 0.972054794520548,
      "test": 0.949671772428884
    },
    "mlp_16": {
      "train": 0.9342465753424658,
      "test": 0.925601750547046
    },
    "mlp_64": {
      "train": 0.9523287671232876,
      "test": 0.9387308533916849
    },
    "mlp_128": {
      "train": 0.9610958904109589,
      "test": 0.9409190371991247
    },
    "mlp_256": {
      "train": 0.9594520547945206,
      "test": 0.9431072210065645
    }
  },
  "probe_sty_class": {
    "linear": {
      "train": 0.9654794520547946,
      "test": 0.9562363238512035
    },
    "mlp_16": {
      "train": 0.9221917808219178,
      "test": 0.9321663019693655
    },
    "mlp_64": {
      "train": 0.9446575342465754,
      "test": 0.9540481400437637
    },
    "mlp_128": {
      "train": 0.9545205479452055,
      "test": 0.9606126914660832
    },
    "mlp_256": {
      "train": 0.9539726027397261,
      "test": 0.9518599562363238
    }
  }
}