{
  "vib": 1,
  "task": "office_caltech10_c4",
  "ckpt": "/root/fl_checkpoints/sgpa_office_caltech10_c4_s333_R200_1776775270",
  "probe_sem_domain": {
    "linear": {
      "train": 0.5457534246575343,
      "test": 0.5382932166301969
    },
    "mlp_16": {
      "train": 0.4882191780821918,
      "test": 0.47921225382932164
    },
    "mlp_64": {
      "train": 0.4893150684931507,
      "test": 0.49015317286652077
    },
    "mlp_128": {
      "train": 0.6991780821917808,
      "test": 0.6389496717724289
    },
    "mlp_256": {
      "train": 0.8191780821917808,
      "test": 0.7089715536105032
    }
  },
  "probe_sty_domain": {
    "linear": {
      "train": 0.9704109589041096,
      "test": 0.9409190371991247
    },
    "mlp_16": {
      "train": 0.9293150684931507,
      "test": 0.912472647702407
    },
    "mlp_64": {
      "train": 0.9567123287671233,
      "test": 0.9409190371991247
    },
    "mlp_128": {
      "train": 0.9819178082191781,
      "test": 0.9452954048140044
    },
    "mlp_256": {
      "train": 0.936986301369863,
      "test": 0.9212253829321663
    }
  },
  "probe_sem_class": {
    "linear": {
      "train": 0.9709589041095891,
      "test": 0.9584245076586433
    },
    "mlp_16": {
      "train": 0.947945205479452,
      "test": 0.9343544857768052
    },
    "mlp_64": {
      "train": 0.9627397260273972,
      "test": 0.9540481400437637
    },
    "mlp_128": {
      "train": 0.9649315068493151,
      "test": 0.9562363238512035
    },
    "mlp_256": {
      "train": 0.9583561643835616,
      "test": 0.949671772428884
    }
  },
  "probe_sty_class": {
    "linear": {
      "train": 0.9726027397260274,
      "test": 0.9693654266958425
    },
    "mlp_16": {
      "train": 0.92,
      "test": 0.9212253829321663
    },
    "mlp_64": {
      "train": 0.9616438356164384,
      "test": 0.962800875273523
    },
    "mlp_128": {
      "train": 0.9632876712328767,
      "test": 0.9649890590809628
    },
    "mlp_256": {
      "train": 0.9594520547945206,
      "test": 0.962800875273523
    }
  }
}