{
  "vib": 1,
  "task": "office_caltech10_c4",
  "ckpt": "/root/fl_checkpoints/sgpa_office_caltech10_c4_s2_R200_1776774264",
  "probe_sem_domain": {
    "linear": {
      "train": 0.570958904109589,
      "test": 0.5098468271334792
    },
    "mlp_16": {
      "train": 0.44273972602739725,
      "test": 0.4420131291028446
    },
    "mlp_64": {
      "train": 0.8147945205479452,
      "test": 0.6958424507658644
    },
    "mlp_128": {
      "train": 0.8405479452054795,
      "test": 0.7177242888402626
    },
    "mlp_256": {
      "train": 0.8427397260273972,
      "test": 0.7133479212253829
    }
  },
  "probe_sty_domain": {
    "linear": {
      "train": 0.9621917808219178,
      "test": 0.9234135667396062
    },
    "mlp_16": {
      "train": 0.9112328767123288,
      "test": 0.8599562363238512
    },
    "mlp_64": {
      "train": 0.9632876712328767,
      "test": 0.9190371991247265
    },
    "mlp_128": {
      "train": 0.966027397260274,
      "test": 0.9146608315098468
    },
    "mlp_256": {
      "train": 0.9517808219178082,
      "test": 0.912472647702407
    }
  },
  "probe_sem_class": {
    "linear": {
      "train": 0.9682191780821918,
      "test": 0.9649890590809628
    },
    "mlp_16": {
      "train": 0.9512328767123288,
      "test": 0.9474835886214442
    },
    "mlp_64": {
      "train": 0.9523287671232876,
      "test": 0.9452954048140044
    },
    "mlp_128": {
      "train": 0.9495890410958904,
      "test": 0.9452954048140044
    },
    "mlp_256": {
      "train": 0.949041095890411,
      "test": 0.9474835886214442
    }
  },
  "probe_sty_class": {
    "linear": {
      "train": 0.9654794520547946,
      "test": 0.9606126914660832
    },
    "mlp_16": {
      "train": 0.9386301369863014,
      "test": 0.9387308533916849
    },
    "mlp_64": {
      "train": 0.9528767123287671,
      "test": 0.9474835886214442
    },
    "mlp_128": {
      "train": 0.9583561643835616,
      "test": 0.9584245076586433
    },
    "mlp_256": {
      "train": 0.9572602739726027,
      "test": 0.962800875273523
    }
  }
}