{
  "vib": 1,
  "task": "office_caltech10_c4",
  "ckpt": "/root/fl_checkpoints/sgpa_office_caltech10_c4_s15_R200_1776775153",
  "probe_sem_domain": {
    "linear": {
      "train": 0.6098630136986302,
      "test": 0.5973741794310722
    },
    "mlp_16": {
      "train": 0.6224657534246575,
      "test": 0.6258205689277899
    },
    "mlp_64": {
      "train": 0.8728767123287671,
      "test": 0.7242888402625821
    },
    "mlp_128": {
      "train": 0.7780821917808219,
      "test": 0.6936542669584245
    },
    "mlp_256": {
      "train": 0.6438356164383562,
      "test": 0.6214442013129103
    }
  },
  "probe_sty_domain": {
    "linear": {
      "train": 0.9561643835616438,
      "test": 0.9321663019693655
    },
    "mlp_16": {
      "train": 0.9243835616438356,
      "test": 0.925601750547046
    },
    "mlp_64": {
      "train": 0.9621917808219178,
      "test": 0.9474835886214442
    },
    "mlp_128": {
      "train": 0.9386301369863014,
      "test": 0.936542669584245
    },
    "mlp_256": {
      "train": 0.9715068493150685,
      "test": 0.9584245076586433
    }
  },
  "probe_sem_class": {
    "linear": {
      "train": 0.9709589041095891,
      "test": 0.9606126914660832
    },
    "mlp_16": {
      "train": 0.9594520547945206,
      "test": 0.9452954048140044
    },
    "mlp_64": {
      "train": 0.9638356164383561,
      "test": 0.9584245076586433
    },
    "mlp_128": {
      "train": 0.9616438356164384,
      "test": 0.9606126914660832
    },
    "mlp_256": {
      "train": 0.9671232876712329,
      "test": 0.9606126914660832
    }
  },
  "probe_sty_class": {
    "linear": {
      "train": 0.9704109589041096,
      "test": 0.9540481400437637
    },
    "mlp_16": {
      "train": 0.9402739726027397,
      "test": 0.936542669584245
    },
    "mlp_64": {
      "train": 0.955068493150685,
      "test": 0.9431072210065645
    },
    "mlp_128": {
      "train": 0.9594520547945206,
      "test": 0.9474835886214442
    },
    "mlp_256": {
      "train": 0.9610958904109589,
      "test": 0.949671772428884
    }
  }
}