{
  "vib": 0,
  "task": "office_caltech10_c4",
  "ckpt": "/root/fl_checkpoints/sgpa_office_caltech10_c4_s2_R200_1776777079",
  "probe_sem_domain": {
    "linear": {
      "train": 0.6421917808219179,
      "test": 0.5908096280087527
    },
    "mlp_16": {
      "train": 0.5232876712328767,
      "test": 0.5273522975929978
    },
    "mlp_64": {
      "train": 0.616986301369863,
      "test": 0.5733041575492341
    },
    "mlp_128": {
      "train": 0.6635616438356164,
      "test": 0.6345733041575492
    },
    "mlp_256": {
      "train": 0.6602739726027397,
      "test": 0.6367614879649891
    }
  },
  "probe_sty_domain": {
    "linear": {
      "train": 0.9556164383561644,
      "test": 0.9212253829321663
    },
    "mlp_16": {
      "train": 0.9408219178082192,
      "test": 0.9015317286652079
    },
    "mlp_64": {
      "train": 0.9594520547945206,
      "test": 0.9190371991247265
    },
    "mlp_128": {
      "train": 0.9605479452054795,
      "test": 0.9190371991247265
    },
    "mlp_256": {
      "train": 0.9780821917808219,
      "test": 0.936542669584245
    }
  },
  "probe_sem_class": {
    "linear": {
      "train": 0.9742465753424657,
      "test": 0.9671772428884027
    },
    "mlp_16": {
      "train": 0.9621917808219178,
      "test": 0.962800875273523
    },
    "mlp_64": {
      "train": 0.9556164383561644,
      "test": 0.9671772428884027
    },
    "mlp_128": {
      "train": 0.9643835616438357,
      "test": 0.9649890590809628
    },
    "mlp_256": {
      "train": 0.9638356164383561,
      "test": 0.9693654266958425
    }
  },
  "probe_sty_class": {
    "linear": {
      "train": 0.9632876712328767,
      "test": 0.9606126914660832
    },
    "mlp_16": {
      "train": 0.9413698630136986,
      "test": 0.9409190371991247
    },
    "mlp_64": {
      "train": 0.9539726027397261,
      "test": 0.9606126914660832
    },
    "mlp_128": {
      "train": 0.9539726027397261,
      "test": 0.9562363238512035
    },
    "mlp_256": {
      "train": 0.9293150684931507,
      "test": 0.9234135667396062
    }
  }
}