{
  "vib": 0,
  "task": "office_caltech10_c4",
  "ckpt": "/root/fl_checkpoints/sgpa_office_caltech10_c4_s333_R200_1776778020",
  "probe_sem_domain": {
    "linear": {
      "train": 0.6646575342465754,
      "test": 0.6280087527352297
    },
    "mlp_16": {
      "train": 0.49095890410958903,
      "test": 0.5076586433260394
    },
    "mlp_64": {
      "train": 0.6158904109589041,
      "test": 0.5820568927789934
    },
    "mlp_128": {
      "train": 0.6389041095890411,
      "test": 0.6105032822757112
    },
    "mlp_256": {
      "train": 0.6575342465753424,
      "test": 0.6301969365426696
    }
  },
  "probe_sty_domain": {
    "linear": {
      "train": 0.932054794520548,
      "test": 0.9212253829321663
    },
    "mlp_16": {
      "train": 0.9019178082191781,
      "test": 0.899343544857768
    },
    "mlp_64": {
      "train": 0.9408219178082192,
      "test": 0.9212253829321663
    },
    "mlp_128": {
      "train": 0.9408219178082192,
      "test": 0.9409190371991247
    },
    "mlp_256": {
      "train": 0.941917808219178,
      "test": 0.9234135667396062
    }
  },
  "probe_sem_class": {
    "linear": {
      "train": 0.9797260273972602,
      "test": 0.9824945295404814
    },
    "mlp_16": {
      "train": 0.966027397260274,
      "test": 0.9715536105032823
    },
    "mlp_64": {
      "train": 0.9709589041095891,
      "test": 0.975929978118162
    },
    "mlp_128": {
      "train": 0.9698630136986301,
      "test": 0.975929978118162
    },
    "mlp_256": {
      "train": 0.9693150684931506,
      "test": 0.975929978118162
    }
  },
  "probe_sty_class": {
    "linear": {
      "train": 0.9715068493150685,
      "test": 0.9671772428884027
    },
    "mlp_16": {
      "train": 0.958904109589041,
      "test": 0.9584245076586433
    },
    "mlp_64": {
      "train": 0.9649315068493151,
      "test": 0.9693654266958425
    },
    "mlp_128": {
      "train": 0.9632876712328767,
      "test": 0.9671772428884027
    },
    "mlp_256": {
      "train": 0.9605479452054795,
      "test": 0.9584245076586433
    }
  }
}