{
  "vib": 0,
  "task": "office_caltech10_c4",
  "ckpt": "/root/fl_checkpoints/sgpa_office_caltech10_c4_s15_R200_1776777868",
  "probe_sem_domain": {
    "linear": {
      "train": 0.650958904109589,
      "test": 0.5995623632385121
    },
    "mlp_16": {
      "train": 0.553972602739726,
      "test": 0.5426695842450766
    },
    "mlp_64": {
      "train": 0.6454794520547945,
      "test": 0.6236323851203501
    },
    "mlp_128": {
      "train": 0.6953424657534246,
      "test": 0.6761487964989059
    },
    "mlp_256": {
      "train": 0.6323287671232877,
      "test": 0.5951859956236324
    }
  },
  "probe_sty_domain": {
    "linear": {
      "train": 0.9134246575342466,
      "test": 0.888402625820569
    },
    "mlp_16": {
      "train": 0.8871232876712328,
      "test": 0.8730853391684902
    },
    "mlp_64": {
      "train": 0.9435616438356165,
      "test": 0.8971553610503282
    },
    "mlp_128": {
      "train": 0.9254794520547945,
      "test": 0.888402625820569
    },
    "mlp_256": {
      "train": 0.9386301369863014,
      "test": 0.9080962800875274
    }
  },
  "probe_sem_class": {
    "linear": {
      "train": 0.9802739726027397,
      "test": 0.9671772428884027
    },
    "mlp_16": {
      "train": 0.9638356164383561,
      "test": 0.962800875273523
    },
    "mlp_64": {
      "train": 0.9709589041095891,
      "test": 0.9606126914660832
    },
    "mlp_128": {
      "train": 0.9682191780821918,
      "test": 0.9606126914660832
    },
    "mlp_256": {
      "train": 0.9726027397260274,
      "test": 0.962800875273523
    }
  },
  "probe_sty_class": {
    "linear": {
      "train": 0.972054794520548,
      "test": 0.9606126914660832
    },
    "mlp_16": {
      "train": 0.947945205479452,
      "test": 0.9321663019693655
    },
    "mlp_64": {
      "train": 0.9649315068493151,
      "test": 0.9540481400437637
    },
    "mlp_128": {
      "train": 0.9671232876712329,
      "test": 0.9540481400437637
    },
    "mlp_256": {
      "train": 0.9578082191780822,
      "test": 0.9474835886214442
    }
  }
}