{
  "vib": 0,
  "task": "office_caltech10_c4",
  "ckpt": "/root/fl_checkpoints/sgpa_office_caltech10_c4_s2_R200_1776780328",
  "probe_sem_domain": {
    "linear": {
      "train": 0.5528767123287671,
      "test": 0.5207877461706784
    },
    "mlp_16": {
      "train": 0.5736986301369863,
      "test": 0.5711159737417943
    },
    "mlp_64": {
      "train": 0.583013698630137,
      "test": 0.562363238512035
    },
    "mlp_128": {
      "train": 0.5972602739726027,
      "test": 0.5645514223194749
    },
    "mlp_256": {
      "train": 0.6416438356164383,
      "test": 0.6061269146608315
    }
  },
  "probe_sty_domain": {
    "linear": {
      "train": 0.9293150684931507,
      "test": 0.9212253829321663
    },
    "mlp_16": {
      "train": 0.930958904109589,
      "test": 0.9212253829321663
    },
    "mlp_64": {
      "train": 0.941917808219178,
      "test": 0.936542669584245
    },
    "mlp_128": {
      "train": 0.9506849315068493,
      "test": 0.9277899343544858
    },
    "mlp_256": {
      "train": 0.9331506849315069,
      "test": 0.9234135667396062
    }
  },
  "probe_sem_class": {
    "linear": {
      "train": 0.9758904109589042,
      "test": 0.962800875273523
    },
    "mlp_16": {
      "train": 0.9654794520547946,
      "test": 0.962800875273523
    },
    "mlp_64": {
      "train": 0.9583561643835616,
      "test": 0.9649890590809628
    },
    "mlp_128": {
      "train": 0.9621917808219178,
      "test": 0.962800875273523
    },
    "mlp_256": {
      "train": 0.9665753424657534,
      "test": 0.9671772428884027
    }
  },
  "probe_sty_class": {
    "linear": {
      "train": 0.9709589041095891,
      "test": 0.962800875273523
    },
    "mlp_16": {
      "train": 0.9583561643835616,
      "test": 0.9649890590809628
    },
    "mlp_64": {
      "train": 0.9616438356164384,
      "test": 0.9606126914660832
    },
    "mlp_128": {
      "train": 0.955068493150685,
      "test": 0.9584245076586433
    },
    "mlp_256": {
      "train": 0.9561643835616438,
      "test": 0.962800875273523
    }
  }
}