{
  "vib": 0,
  "task": "office_caltech10_c4",
  "ckpt": "/root/fl_checkpoints/sgpa_office_caltech10_c4_s15_R200_1776780329",
  "probe_sem_domain": {
    "linear": {
      "train": 0.5578082191780822,
      "test": 0.5142231947483589
    },
    "mlp_16": {
      "train": 0.5035616438356164,
      "test": 0.48577680525164113
    },
    "mlp_64": {
      "train": 0.5468493150684931,
      "test": 0.5339168490153173
    },
    "mlp_128": {
      "train": 0.6641095890410958,
      "test": 0.6148796498905909
    },
    "mlp_256": {
      "train": 0.6126027397260274,
      "test": 0.5536105032822757
    }
  },
  "probe_sty_domain": {
    "linear": {
      "train": 0.9002739726027398,
      "test": 0.8818380743982495
    },
    "mlp_16": {
      "train": 0.8317808219178082,
      "test": 0.8227571115973742
    },
    "mlp_64": {
      "train": 0.8986301369863013,
      "test": 0.8796498905908097
    },
    "mlp_128": {
      "train": 0.9473972602739726,
      "test": 0.9168490153172867
    },
    "mlp_256": {
      "train": 0.9616438356164384,
      "test": 0.9212253829321663
    }
  },
  "probe_sem_class": {
    "linear": {
      "train": 0.9819178082191781,
      "test": 0.9540481400437637
    },
    "mlp_16": {
      "train": 0.966027397260274,
      "test": 0.9606126914660832
    },
    "mlp_64": {
      "train": 0.9665753424657534,
      "test": 0.9562363238512035
    },
    "mlp_128": {
      "train": 0.9747945205479452,
      "test": 0.9562363238512035
    },
    "mlp_256": {
      "train": 0.9687671232876712,
      "test": 0.9584245076586433
    }
  },
  "probe_sty_class": {
    "linear": {
      "train": 0.9791780821917808,
      "test": 0.9606126914660832
    },
    "mlp_16": {
      "train": 0.9556164383561644,
      "test": 0.9518599562363238
    },
    "mlp_64": {
      "train": 0.9665753424657534,
      "test": 0.9649890590809628
    },
    "mlp_128": {
      "train": 0.9638356164383561,
      "test": 0.9518599562363238
    },
    "mlp_256": {
      "train": 0.9693150684931506,
      "test": 0.9584245076586433
    }
  }
}