{
  "vib": 0,
  "task": "office_caltech10_c4",
  "ckpt": "/root/fl_checkpoints/sgpa_office_caltech10_c4_s333_R200_1776780333",
  "probe_sem_domain": {
    "linear": {
      "train": 0.5315068493150685,
      "test": 0.48358862144420134
    },
    "mlp_16": {
      "train": 0.5561643835616439,
      "test": 0.5404814004376368
    },
    "mlp_64": {
      "train": 0.555068493150685,
      "test": 0.5579868708971554
    },
    "mlp_128": {
      "train": 0.616986301369863,
      "test": 0.5951859956236324
    },
    "mlp_256": {
      "train": 0.5731506849315069,
      "test": 0.5514223194748359
    }
  },
  "probe_sty_domain": {
    "linear": {
      "train": 0.915068493150685,
      "test": 0.9102844638949672
    },
    "mlp_16": {
      "train": 0.8849315068493151,
      "test": 0.899343544857768
    },
    "mlp_64": {
      "train": 0.9271232876712329,
      "test": 0.9409190371991247
    },
    "mlp_128": {
      "train": 0.9731506849315068,
      "test": 0.9540481400437637
    },
    "mlp_256": {
      "train": 0.9638356164383561,
      "test": 0.949671772428884
    }
  },
  "probe_sem_class": {
    "linear": {
      "train": 0.9780821917808219,
      "test": 0.973741794310722
    },
    "mlp_16": {
      "train": 0.9627397260273972,
      "test": 0.9693654266958425
    },
    "mlp_64": {
      "train": 0.9731506849315068,
      "test": 0.9649890590809628
    },
    "mlp_128": {
      "train": 0.972054794520548,
      "test": 0.9671772428884027
    },
    "mlp_256": {
      "train": 0.9682191780821918,
      "test": 0.9693654266958425
    }
  },
  "probe_sty_class": {
    "linear": {
      "train": 0.966027397260274,
      "test": 0.9693654266958425
    },
    "mlp_16": {
      "train": 0.9463013698630137,
      "test": 0.9584245076586433
    },
    "mlp_64": {
      "train": 0.958904109589041,
      "test": 0.9584245076586433
    },
    "mlp_128": {
      "train": 0.96,
      "test": 0.962800875273523
    },
    "mlp_256": {
      "train": 0.9627397260273972,
      "test": 0.9649890590809628
    }
  }
}