{
  "probe_sem_domain": {
    "linear": {
      "train_acc": 1.0,
      "test_acc": 1.0
    },
    "mlp": {
      "train_acc": 0.9981931897150799,
      "test_acc": 0.9949972206781545
    }
  },
  "probe_sty_domain": {
    "linear": {
      "train_acc": 1.0,
      "test_acc": 1.0
    },
    "mlp": {
      "train_acc": 1.0,
      "test_acc": 1.0
    }
  },
  "probe_sem_class": {
    "linear": {
      "train_acc": 0.9587213342599027,
      "test_acc": 0.9683157309616454
    },
    "mlp": {
      "train_acc": 0.9594162612925643,
      "test_acc": 0.9677598665925514
    }
  },
  "probe_sty_class": {
    "linear": {
      "train_acc": 0.9578874218207089,
      "test_acc": 0.9633129516397999
    },
    "mlp": {
      "train_acc": 0.9580264072272412,
      "test_acc": 0.9644246803779878
    }
  },
  "random_baseline_domain": 0.25,
  "random_baseline_class": 0.14285714285714285,
  "task": "PACS_c4",
  "ckpt": "/root/fl_checkpoints/sgpa_PACS_c4_s333_R200_1776691555",
  "n_train": 7195,
  "n_test": 1799
}