{
  "probe_sem_domain": {
    "linear": {
      "train": 0.4376650451702571,
      "test": 0.4263479710950528
    },
    "mlp_16": {
      "train": 0.7266157053509381,
      "test": 0.725958866036687
    },
    "mlp_64": {
      "train": 0.6932592077831827,
      "test": 0.688715953307393
    },
    "mlp_128": {
      "train": 0.7658095899930507,
      "test": 0.7509727626459144
    },
    "mlp_256": {
      "train": 0.7507991660875608,
      "test": 0.7420789327404114
    }
  },
  "probe_sty_domain": {
    "linear": {
      "train": 0.7641417651146629,
      "test": 0.7626459143968871
    },
    "mlp_16": {
      "train": 0.7652536483669214,
      "test": 0.7654252362423568
    },
    "mlp_64": {
      "train": 0.9997220291869354,
      "test": 1.0
    },
    "mlp_128": {
      "train": 0.9995830437804031,
      "test": 1.0
    },
    "mlp_256": {
      "train": 1.0,
      "test": 1.0
    }
  },
  "probe_sem_class": {
    "linear": {
      "train": 0.9638637943015983,
      "test": 0.9705391884380211
    },
    "mlp_16": {
      "train": 0.964141765114663,
      "test": 0.9694274596998332
    },
    "mlp_64": {
      "train": 0.9630298818624045,
      "test": 0.9699833240689272
    },
    "mlp_128": {
      "train": 0.9634468380820014,
      "test": 0.9705391884380211
    },
    "mlp_256": {
      "train": 0.9628908964558721,
      "test": 0.9694274596998332
    }
  },
  "probe_sty_class": {
    "linear": {
      "train": 0.28088950660180684,
      "test": 0.2801556420233463
    },
    "mlp_16": {
      "train": 0.7281445448227936,
      "test": 0.7309616453585325
    },
    "mlp_64": {
      "train": 0.35093815149409313,
      "test": 0.3390772651473041
    },
    "mlp_128": {
      "train": 0.7806810284920084,
      "test": 0.7882156753752084
    },
    "mlp_256": {
      "train": 0.7888811674774149,
      "test": 0.7987770983879934
    }
  },
  "probe_sty_class_per_domain": {
    "holdout_d0": {
      "test_acc": 0.8736442516268981,
      "n_test": 1844
    },
    "holdout_d1": {
      "test_acc": 0.7222748815165877,
      "n_test": 2110
    },
    "holdout_d2": {
      "test_acc": 0.25815036593479707,
      "n_test": 1503
    },
    "holdout_d3": {
      "test_acc": 0.04240882103477523,
      "n_test": 3537
    }
  },
  "task": "PACS_c4",
  "ckpt": "/root/fl_checkpoints/sgpa_PACS_c4_s333_R200_1776735456",
  "n_train": 7195,
  "n_test": 1799,
  "random_class": 0.14285714285714285,
  "random_domain": 0.25
}