{
  "probe_sem_domain": {
    "linear": {
      "train": 0.4393328700486449,
      "test": 0.4302390216787104
    },
    "mlp_16": {
      "train": 0.7474635163307852,
      "test": 0.7687604224569206
    },
    "mlp_64": {
      "train": 0.7788742182070882,
      "test": 0.7965536409116175
    },
    "mlp_128": {
      "train": 0.7741487143849896,
      "test": 0.7815453029460812
    },
    "mlp_256": {
      "train": 0.7753995830437804,
      "test": 0.7793218454697054
    }
  },
  "probe_sty_domain": {
    "linear": {
      "train": 1.0,
      "test": 1.0
    },
    "mlp_16": {
      "train": 0.9995830437804031,
      "test": 0.9983324068927182
    },
    "mlp_64": {
      "train": 0.9983321751216122,
      "test": 0.9966648137854364
    },
    "mlp_128": {
      "train": 1.0,
      "test": 1.0
    },
    "mlp_256": {
      "train": 0.9984711605281446,
      "test": 0.9972206781545303
    }
  },
  "probe_sem_class": {
    "linear": {
      "train": 0.9670604586518415,
      "test": 0.9672040022234575
    },
    "mlp_16": {
      "train": 0.9627519110493398,
      "test": 0.962757087270706
    },
    "mlp_64": {
      "train": 0.9655316191799861,
      "test": 0.9633129516397999
    },
    "mlp_128": {
      "train": 0.9666435024322446,
      "test": 0.9672040022234575
    },
    "mlp_256": {
      "train": 0.96636553161918,
      "test": 0.9677598665925514
    }
  },
  "probe_sty_class": {
    "linear": {
      "train": 0.34927032661570534,
      "test": 0.3390772651473041
    },
    "mlp_16": {
      "train": 0.20430854760250175,
      "test": 0.19066147859922178
    },
    "mlp_64": {
      "train": 0.2126476719944406,
      "test": 0.20066703724291274
    },
    "mlp_128": {
      "train": 0.5494093120222376,
      "test": 0.548082267926626
    },
    "mlp_256": {
      "train": 0.7428769979152189,
      "test": 0.7142857142857143
    }
  },
  "probe_sty_class_per_domain": {
    "holdout_d0": {
      "test_acc": 0.12472885032537961,
      "n_test": 1844
    },
    "holdout_d1": {
      "test_acc": 0.17440758293838862,
      "n_test": 2110
    },
    "holdout_d2": {
      "test_acc": 0.1590153027278776,
      "n_test": 1503
    },
    "holdout_d3": {
      "test_acc": 0.04240882103477523,
      "n_test": 3537
    }
  },
  "task": "PACS_c4",
  "ckpt": "/root/fl_checkpoints/sgpa_PACS_c4_s2_R200_1776735958",
  "n_train": 7195,
  "n_test": 1799,
  "random_class": 0.14285714285714285,
  "random_domain": 0.25
}