{
  "corr_abs_mean": 0.02540472522377968,
  "corr_abs_max": 0.1191045492887497,
  "corr_diag_abs_mean": 0.025953905656933784,
  "channel_usage_cos": 0.9932991236919267,
  "channel_usage_pearson": 0.03999673115514743,
  "heavy_overlap": 64,
  "heavy_overlap_ratio": 0.25
}