{
  "corr_abs_mean": 0.02375141531229019,
  "corr_abs_max": 0.12050089240074158,
  "corr_diag_abs_mean": 0.02261815406382084,
  "channel_usage_cos": 0.9941216402284349,
  "channel_usage_pearson": -0.011127975062421384,
  "heavy_overlap": 61,
  "heavy_overlap_ratio": 0.23828125
}