{
  "corr_abs_mean": 0.02473595179617405,
  "corr_abs_max": 0.12008988857269287,
  "corr_diag_abs_mean": 0.02638963982462883,
  "channel_usage_cos": 0.9968146566062628,
  "channel_usage_pearson": -0.015538305997348645,
  "heavy_overlap": 56,
  "heavy_overlap_ratio": 0.21875
}