{
  "f2dc|fl_digits": {
    "seeds": [
      2,
      15,
      333
    ],
    "lasts": [
      93.165,
      88.445,
      93.16
    ],
    "bests": [
      93.29,
      90.282,
      93.265
    ],
    "last_mean": 91.59,
    "last_std": 2.7236510422592732,
    "best_mean": 92.279,
    "best_std": 1.7294979040172365
  },
  "f2dc|fl_officecaltech": {
    "seeds": [
      2,
      15,
      333
    ],
    "lasts": [
      60.918,
      52.61,
      58.468
    ],
    "bests": [
      64.16,
      59.628,
      59.793
    ],
    "last_mean": 57.332,
    "last_std": 4.268909462614545,
    "best_mean": 61.193666666666665,
    "best_std": 2.5702444112055423
  },
  "f2dc|fl_pacs": {
    "seeds": [
      2,
      15,
      333
    ],
    "lasts": [
      64.838,
      58.49,
      64.23
    ],
    "bests": [
      64.838,
      59.712,
      67.132
    ],
    "last_mean": 62.519333333333336,
    "last_std": 3.502721989158334,
    "best_mean": 63.894,
    "best_std": 3.7990067122867783
  },
  "fedavg|fl_digits": {
    "seeds": [
      2,
      15,
      333
    ],
    "lasts": [
      90.625,
      88.662,
      90.908
    ],
    "bests": [
      90.882,
      88.662,
      90.908
    ],
    "last_mean": 90.065,
    "last_std": 1.223245273851484,
    "best_mean": 90.15066666666667,
    "best_std": 1.2892886927811509
  },
  "fedavg|fl_officecaltech": {
    "seeds": [
      2,
      15,
      333
    ],
    "lasts": [
      56.935,
      54.218,
      57.512
    ],
    "bests": [
      59.288,
      56.402,
      58.668
    ],
    "last_mean": 56.22166666666667,
    "last_std": 1.7590458587920124,
    "best_mean": 58.11933333333333,
    "best_std": 1.5192186588287175
  },
  "fedavg|fl_pacs": {
    "seeds": [
      2,
      15,
      333
    ],
    "lasts": [
      61.03,
      55.135,
      62.83
    ],
    "bests": [
      62.128,
      57.675,
      65.848
    ],
    "last_mean": 59.665,
    "last_std": 4.025006211175333,
    "best_mean": 61.88366666666666,
    "best_std": 4.091974625206435
  },
  "moon|fl_digits": {
    "seeds": [
      2,
      15,
      333
    ],
    "lasts": [
      90.502,
      85.295,
      89.96
    ],
    "bests": [
      90.675,
      86.05,
      90.958
    ],
    "last_mean": 88.58566666666667,
    "last_std": 2.8626572154788827,
    "best_mean": 89.22766666666666,
    "best_std": 2.7555754994797974
  },
  "moon|fl_officecaltech": {
    "seeds": [
      2,
      15,
      333
    ],
    "lasts": [
      52.878,
      45.628,
      53.37
    ],
    "bests": [
      55.17,
      51.925,
      55.732
    ],
    "last_mean": 50.62533333333333,
    "last_std": 4.334803494200553,
    "best_mean": 54.275666666666666,
    "best_std": 2.0550392534774953
  }
}