{
  "probe_sem_domain": {
    "train_acc": 0.9989041095890411,
    "test_acc": 0.9956236323851203
  },
  "probe_sty_domain": {
    "train_acc": 1.0,
    "test_acc": 1.0
  },
  "probe_sty_class": {
    "train_acc": 0.9775342465753425,
    "test_acc": 0.9649890590809628
  },
  "random_baseline_domain": 0.25,
  "random_baseline_class": 0.1,
  "task": "office_caltech10_c4",
  "ckpt": "/root/fl_checkpoints/sgpa_office_caltech10_c4_s333_R200_1776668596",
  "n_train": 1825,
  "n_test": 457
}