{
  "probe_sem_domain": {
    "linear": {
      "train": 1.0,
      "test": 1.0
    },
    "mlp_16": {
      "train": 0.989041095890411,
      "test": 0.973741794310722
    },
    "mlp_64": {
      "train": 0.9983561643835617,
      "test": 1.0
    },
    "mlp_128": {
      "train": 0.9852054794520548,
      "test": 0.9890590809628009
    },
    "mlp_256": {
      "train": 0.9950684931506849,
      "test": 0.9912472647702407
    }
  },
  "probe_sty_domain": {
    "linear": {
      "train": 1.0,
      "test": 1.0
    },
    "mlp_16": {
      "train": 1.0,
      "test": 1.0
    },
    "mlp_64": {
      "train": 1.0,
      "test": 1.0
    },
    "mlp_128": {
      "train": 1.0,
      "test": 1.0
    },
    "mlp_256": {
      "train": 1.0,
      "test": 1.0
    }
  },
  "probe_sem_class": {
    "linear": {
      "train": 0.9802739726027397,
      "test": 0.9606126914660832
    },
    "mlp_16": {
      "train": 0.9572602739726027,
      "test": 0.9584245076586433
    },
    "mlp_64": {
      "train": 0.9621917808219178,
      "test": 0.962800875273523
    },
    "mlp_128": {
      "train": 0.9649315068493151,
      "test": 0.9606126914660832
    },
    "mlp_256": {
      "train": 0.9649315068493151,
      "test": 0.9693654266958425
    }
  },
  "probe_sty_class": {
    "linear": {
      "train": 0.9687671232876712,
      "test": 0.949671772428884
    },
    "mlp_16": {
      "train": 0.45643835616438355,
      "test": 0.4573304157549234
    },
    "mlp_64": {
      "train": 0.8838356164383562,
      "test": 0.9059080962800875
    },
    "mlp_128": {
      "train": 0.8849315068493151,
      "test": 0.8730853391684902
    },
    "mlp_256": {
      "train": 0.9189041095890411,
      "test": 0.9080962800875274
    }
  },
  "probe_sty_class_per_domain": {
    "holdout_d0": {
      "test_acc": 0.07418397626112759,
      "n_test": 1011
    },
    "holdout_d1": {
      "test_acc": 0.10081112398609501,
      "n_test": 863
    },
    "holdout_d2": {
      "test_acc": 0.08450704225352113,
      "n_test": 142
    },
    "holdout_d3": {
      "test_acc": 0.15413533834586465,
      "n_test": 266
    }
  },
  "task": "office_caltech10_c4",
  "ckpt": "/root/fl_checkpoints/sgpa_office_caltech10_c4_s2_R200_1776668590",
  "n_train": 1825,
  "n_test": 457,
  "random_class": 0.1,
  "random_domain": 0.25
}