{
  "probe_sem_domain": {
    "linear": {
      "train": 0.9989041095890411,
      "test": 0.9956236323851203
    },
    "mlp_16": {
      "train": 0.9808219178082191,
      "test": 0.9693654266958425
    },
    "mlp_64": {
      "train": 0.993972602739726,
      "test": 0.9824945295404814
    },
    "mlp_128": {
      "train": 0.9868493150684932,
      "test": 0.9671772428884027
    },
    "mlp_256": {
      "train": 0.9983561643835617,
      "test": 0.9890590809628009
    }
  },
  "probe_sty_domain": {
    "linear": {
      "train": 1.0,
      "test": 1.0
    },
    "mlp_16": {
      "train": 1.0,
      "test": 1.0
    },
    "mlp_64": {
      "train": 1.0,
      "test": 1.0
    },
    "mlp_128": {
      "train": 1.0,
      "test": 1.0
    },
    "mlp_256": {
      "train": 1.0,
      "test": 1.0
    }
  },
  "probe_sem_class": {
    "linear": {
      "train": 0.9879452054794521,
      "test": 0.973741794310722
    },
    "mlp_16": {
      "train": 0.9643835616438357,
      "test": 0.973741794310722
    },
    "mlp_64": {
      "train": 0.966027397260274,
      "test": 0.975929978118162
    },
    "mlp_128": {
      "train": 0.9654794520547946,
      "test": 0.9671772428884027
    },
    "mlp_256": {
      "train": 0.9715068493150685,
      "test": 0.973741794310722
    }
  },
  "probe_sty_class": {
    "linear": {
      "train": 0.9775342465753425,
      "test": 0.9649890590809628
    },
    "mlp_16": {
      "train": 0.12164383561643835,
      "test": 0.11597374179431072
    },
    "mlp_64": {
      "train": 0.8964383561643836,
      "test": 0.87527352297593
    },
    "mlp_128": {
      "train": 0.8898630136986302,
      "test": 0.8818380743982495
    },
    "mlp_256": {
      "train": 0.9095890410958904,
      "test": 0.87527352297593
    }
  },
  "probe_sty_class_per_domain": {
    "holdout_d0": {
      "test_acc": 0.08110781404549951,
      "n_test": 1011
    },
    "holdout_d1": {
      "test_acc": 0.20046349942062572,
      "n_test": 863
    },
    "holdout_d2": {
      "test_acc": 0.11971830985915492,
      "n_test": 142
    },
    "holdout_d3": {
      "test_acc": 0.18796992481203006,
      "n_test": 266
    }
  },
  "task": "office_caltech10_c4",
  "ckpt": "/root/fl_checkpoints/sgpa_office_caltech10_c4_s333_R200_1776668596",
  "n_train": 1825,
  "n_test": 457,
  "random_class": 0.1,
  "random_domain": 0.25
}