{
  "probe_sem_domain": {
    "linear": {
      "train": 0.9956164383561644,
      "test": 0.9956236323851203
    },
    "mlp_16": {
      "train": 0.9928767123287672,
      "test": 0.9715536105032823
    },
    "mlp_64": {
      "train": 0.9945205479452055,
      "test": 0.9912472647702407
    },
    "mlp_128": {
      "train": 0.9978082191780822,
      "test": 0.9890590809628009
    },
    "mlp_256": {
      "train": 0.9983561643835617,
      "test": 0.986870897155361
    }
  },
  "probe_sty_domain": {
    "linear": {
      "train": 1.0,
      "test": 1.0
    },
    "mlp_16": {
      "train": 1.0,
      "test": 1.0
    },
    "mlp_64": {
      "train": 1.0,
      "test": 1.0
    },
    "mlp_128": {
      "train": 1.0,
      "test": 1.0
    },
    "mlp_256": {
      "train": 1.0,
      "test": 1.0
    }
  },
  "probe_sem_class": {
    "linear": {
      "train": 0.9873972602739726,
      "test": 0.9606126914660832
    },
    "mlp_16": {
      "train": 0.9654794520547946,
      "test": 0.9518599562363238
    },
    "mlp_64": {
      "train": 0.9649315068493151,
      "test": 0.9649890590809628
    },
    "mlp_128": {
      "train": 0.96,
      "test": 0.9431072210065645
    },
    "mlp_256": {
      "train": 0.966027397260274,
      "test": 0.949671772428884
    }
  },
  "probe_sty_class": {
    "linear": {
      "train": 0.9726027397260274,
      "test": 0.9562363238512035
    },
    "mlp_16": {
      "train": 0.8947945205479452,
      "test": 0.8730853391684902
    },
    "mlp_64": {
      "train": 0.9232876712328767,
      "test": 0.9080962800875274
    },
    "mlp_128": {
      "train": 0.9178082191780822,
      "test": 0.9059080962800875
    },
    "mlp_256": {
      "train": 0.9342465753424658,
      "test": 0.925601750547046
    }
  },
  "probe_sty_class_per_domain": {
    "holdout_d0": {
      "test_acc": 0.08704253214638971,
      "n_test": 1011
    },
    "holdout_d1": {
      "test_acc": 0.10081112398609501,
      "n_test": 863
    },
    "holdout_d2": {
      "test_acc": 0.14788732394366197,
      "n_test": 142
    },
    "holdout_d3": {
      "test_acc": 0.09398496240601503,
      "n_test": 266
    }
  },
  "task": "office_caltech10_c4",
  "ckpt": "/root/fl_checkpoints/sgpa_office_caltech10_c4_s15_R200_1776668629",
  "n_train": 1825,
  "n_test": 457,
  "random_class": 0.1,
  "random_domain": 0.25
}