{
  "probe_sem_domain": {
    "linear": {
      "train": 1.0,
      "test": 1.0
    },
    "mlp_16": {
      "train": 0.9990271021542738,
      "test": 0.9994441356309061
    },
    "mlp_64": {
      "train": 0.9993050729673384,
      "test": 0.9988882712618121
    },
    "mlp_128": {
      "train": 0.9979152189020153,
      "test": 0.9983324068927182
    },
    "mlp_256": {
      "train": 0.9987491313412091,
      "test": 0.9977765425236242
    }
  },
  "probe_sty_domain": {
    "linear": {
      "train": 1.0,
      "test": 1.0
    },
    "mlp_16": {
      "train": 1.0,
      "test": 1.0
    },
    "mlp_64": {
      "train": 1.0,
      "test": 1.0
    },
    "mlp_128": {
      "train": 1.0,
      "test": 1.0
    },
    "mlp_256": {
      "train": 1.0,
      "test": 1.0
    }
  },
  "probe_sem_class": {
    "linear": {
      "train": 0.9640027797081306,
      "test": 0.9638688160088938
    },
    "mlp_16": {
      "train": 0.964141765114663,
      "test": 0.9649805447470817
    },
    "mlp_64": {
      "train": 0.9653926337734537,
      "test": 0.962201222901612
    },
    "mlp_128": {
      "train": 0.9637248088950661,
      "test": 0.9633129516397999
    },
    "mlp_256": {
      "train": 0.9640027797081306,
      "test": 0.9644246803779878
    }
  },
  "probe_sty_class": {
    "linear": {
      "train": 0.9635858234885337,
      "test": 0.962757087270706
    },
    "mlp_16": {
      "train": 0.9598332175121612,
      "test": 0.9594219010561423
    },
    "mlp_64": {
      "train": 0.9608061153578874,
      "test": 0.953307392996109
    },
    "mlp_128": {
      "train": 0.9620569840166783,
      "test": 0.962201222901612
    },
    "mlp_256": {
      "train": 0.9631688672689368,
      "test": 0.962201222901612
    }
  },
  "probe_sty_class_per_domain": {
    "holdout_d0": {
      "test_acc": 0.32049891540130154,
      "n_test": 1844
    },
    "holdout_d1": {
      "test_acc": 0.4545023696682464,
      "n_test": 2110
    },
    "holdout_d2": {
      "test_acc": 0.3912175648702595,
      "n_test": 1503
    },
    "holdout_d3": {
      "test_acc": 0.720949957591179,
      "n_test": 3537
    }
  },
  "task": "PACS_c4",
  "ckpt": "/root/fl_checkpoints/sgpa_PACS_c4_s2_R200_1776691840",
  "n_train": 7195,
  "n_test": 1799,
  "random_class": 0.14285714285714285,
  "random_domain": 0.25
}