{
  "probe_sem_domain": {
    "linear": {
      "train": 1.0,
      "test": 1.0
    },
    "mlp_16": {
      "train": 0.9954134815844337,
      "test": 0.9972206781545303
    },
    "mlp_64": {
      "train": 0.9980542043085476,
      "test": 0.9972206781545303
    },
    "mlp_128": {
      "train": 1.0,
      "test": 1.0
    },
    "mlp_256": {
      "train": 1.0,
      "test": 0.9994441356309061
    }
  },
  "probe_sty_domain": {
    "linear": {
      "train": 1.0,
      "test": 1.0
    },
    "mlp_16": {
      "train": 1.0,
      "test": 1.0
    },
    "mlp_64": {
      "train": 1.0,
      "test": 1.0
    },
    "mlp_128": {
      "train": 1.0,
      "test": 1.0
    },
    "mlp_256": {
      "train": 1.0,
      "test": 1.0
    }
  },
  "probe_sem_class": {
    "linear": {
      "train": 0.958860319666435,
      "test": 0.9616453585325181
    },
    "mlp_16": {
      "train": 0.9580264072272412,
      "test": 0.9605336297943302
    },
    "mlp_64": {
      "train": 0.9577484364141765,
      "test": 0.9638688160088938
    },
    "mlp_128": {
      "train": 0.9585823488533703,
      "test": 0.962757087270706
    },
    "mlp_256": {
      "train": 0.958860319666435,
      "test": 0.962757087270706
    }
  },
  "probe_sty_class": {
    "linear": {
      "train": 0.9564975677553856,
      "test": 0.9599777654252363
    },
    "mlp_16": {
      "train": 0.944683808200139,
      "test": 0.9488604780433574
    },
    "mlp_64": {
      "train": 0.9526059763724809,
      "test": 0.9571984435797666
    },
    "mlp_128": {
      "train": 0.9482974287699791,
      "test": 0.9494163424124513
    },
    "mlp_256": {
      "train": 0.9526059763724809,
      "test": 0.9538632573652029
    }
  },
  "probe_sty_class_per_domain": {
    "holdout_d0": {
      "test_acc": 0.14370932754880694,
      "n_test": 1844
    },
    "holdout_d1": {
      "test_acc": 0.1962085308056872,
      "n_test": 2110
    },
    "holdout_d2": {
      "test_acc": 0.16833000665335995,
      "n_test": 1503
    },
    "holdout_d3": {
      "test_acc": 0.1877297144472717,
      "n_test": 3537
    }
  },
  "task": "PACS_c4",
  "ckpt": "/root/fl_checkpoints/sgpa_PACS_c4_s15_R200_1776691413",
  "n_train": 7195,
  "n_test": 1799,
  "random_class": 0.14285714285714285,
  "random_domain": 0.25
}