{
  "probe_sem_domain": {
    "linear": {
      "train": 0.5517808219178082,
      "test": 0.5185995623632386
    },
    "mlp_16": {
      "train": 0.5293150684931507,
      "test": 0.5164113785557987
    },
    "mlp_64": {
      "train": 0.6087671232876712,
      "test": 0.5733041575492341
    },
    "mlp_128": {
      "train": 0.6361643835616438,
      "test": 0.5733041575492341
    },
    "mlp_256": {
      "train": 0.6295890410958904,
      "test": 0.5929978118161926
    }
  },
  "probe_sty_domain": {
    "linear": {
      "train": 0.8756164383561644,
      "test": 0.8708971553610503
    },
    "mlp_16": {
      "train": 0.846027397260274,
      "test": 0.849015317286652
    },
    "mlp_64": {
      "train": 0.913972602739726,
      "test": 0.8971553610503282
    },
    "mlp_128": {
      "train": 0.9435616438356165,
      "test": 0.8949671772428884
    },
    "mlp_256": {
      "train": 0.8821917808219178,
      "test": 0.8730853391684902
    }
  },
  "probe_sem_class": {
    "linear": {
      "train": 0.9846575342465753,
      "test": 0.9649890590809628
    },
    "mlp_16": {
      "train": 0.9654794520547946,
      "test": 0.9518599562363238
    },
    "mlp_64": {
      "train": 0.9753424657534246,
      "test": 0.9562363238512035
    },
    "mlp_128": {
      "train": 0.9715068493150685,
      "test": 0.9562363238512035
    },
    "mlp_256": {
      "train": 0.9704109589041096,
      "test": 0.9540481400437637
    }
  },
  "probe_sty_class": {
    "linear": {
      "train": 0.9758904109589042,
      "test": 0.9562363238512035
    },
    "mlp_16": {
      "train": 0.949041095890411,
      "test": 0.9474835886214442
    },
    "mlp_64": {
      "train": 0.9621917808219178,
      "test": 0.9540481400437637
    },
    "mlp_128": {
      "train": 0.9687671232876712,
      "test": 0.9452954048140044
    },
    "mlp_256": {
      "train": 0.9676712328767123,
      "test": 0.9518599562363238
    }
  },
  "probe_sty_class_per_domain": {
    "holdout_d0": {
      "test_acc": 0.9347181008902077,
      "n_test": 1011
    },
    "holdout_d1": {
      "test_acc": 0.9640787949015064,
      "n_test": 863
    },
    "holdout_d2": {
      "test_acc": 0.9929577464788732,
      "n_test": 142
    },
    "holdout_d3": {
      "test_acc": 0.9736842105263158,
      "n_test": 266
    }
  },
  "task": "office_caltech10_c4",
  "ckpt": "/root/fl_checkpoints/sgpa_office_caltech10_c4_s15_R200_1776712837",
  "n_train": 1825,
  "n_test": 457,
  "random_class": 0.1,
  "random_domain": 0.25
}