{
  "probe_sem_domain": {
    "linear": {
      "train": 0.5446575342465754,
      "test": 0.4989059080962801
    },
    "mlp_16": {
      "train": 0.5868493150684931,
      "test": 0.5404814004376368
    },
    "mlp_64": {
      "train": 0.6082191780821918,
      "test": 0.5667396061269147
    },
    "mlp_128": {
      "train": 0.6394520547945205,
      "test": 0.5908096280087527
    },
    "mlp_256": {
      "train": 0.6054794520547945,
      "test": 0.5776805251641138
    }
  },
  "probe_sty_domain": {
    "linear": {
      "train": 0.9216438356164384,
      "test": 0.8730853391684902
    },
    "mlp_16": {
      "train": 0.896986301369863,
      "test": 0.8665207877461707
    },
    "mlp_64": {
      "train": 0.8936986301369862,
      "test": 0.8599562363238512
    },
    "mlp_128": {
      "train": 0.9221917808219178,
      "test": 0.8905908096280087
    },
    "mlp_256": {
      "train": 0.9167123287671233,
      "test": 0.87527352297593
    }
  },
  "probe_sem_class": {
    "linear": {
      "train": 0.9742465753424657,
      "test": 0.9562363238512035
    },
    "mlp_16": {
      "train": 0.9528767123287671,
      "test": 0.9431072210065645
    },
    "mlp_64": {
      "train": 0.9621917808219178,
      "test": 0.962800875273523
    },
    "mlp_128": {
      "train": 0.9605479452054795,
      "test": 0.962800875273523
    },
    "mlp_256": {
      "train": 0.9616438356164384,
      "test": 0.962800875273523
    }
  },
  "probe_sty_class": {
    "linear": {
      "train": 0.9671232876712329,
      "test": 0.9584245076586433
    },
    "mlp_16": {
      "train": 0.9583561643835616,
      "test": 0.9540481400437637
    },
    "mlp_64": {
      "train": 0.9561643835616438,
      "test": 0.9474835886214442
    },
    "mlp_128": {
      "train": 0.9583561643835616,
      "test": 0.9540481400437637
    },
    "mlp_256": {
      "train": 0.955068493150685,
      "test": 0.9562363238512035
    }
  },
  "probe_sty_class_per_domain": {
    "holdout_d0": {
      "test_acc": 0.9169139465875371,
      "n_test": 1011
    },
    "holdout_d1": {
      "test_acc": 0.9733487833140209,
      "n_test": 863
    },
    "holdout_d2": {
      "test_acc": 0.971830985915493,
      "n_test": 142
    },
    "holdout_d3": {
      "test_acc": 0.9774436090225563,
      "n_test": 266
    }
  },
  "task": "office_caltech10_c4",
  "ckpt": "/root/fl_checkpoints/sgpa_office_caltech10_c4_s2_R200_1776712531",
  "n_train": 1825,
  "n_test": 457,
  "random_class": 0.1,
  "random_domain": 0.25
}