{
  "probe_sem_domain": {
    "linear": {
      "train": 0.5506849315068493,
      "test": 0.5185995623632386
    },
    "mlp_16": {
      "train": 0.5161643835616438,
      "test": 0.5207877461706784
    },
    "mlp_64": {
      "train": 0.5994520547945206,
      "test": 0.5711159737417943
    },
    "mlp_128": {
      "train": 0.667945205479452,
      "test": 0.5842450765864332
    },
    "mlp_256": {
      "train": 0.5802739726027397,
      "test": 0.5820568927789934
    }
  },
  "probe_sty_domain": {
    "linear": {
      "train": 0.9271232876712329,
      "test": 0.9037199124726477
    },
    "mlp_16": {
      "train": 0.8980821917808219,
      "test": 0.8730853391684902
    },
    "mlp_64": {
      "train": 0.8778082191780822,
      "test": 0.8687089715536105
    },
    "mlp_128": {
      "train": 0.8936986301369862,
      "test": 0.8708971553610503
    },
    "mlp_256": {
      "train": 0.9643835616438357,
      "test": 0.9474835886214442
    }
  },
  "probe_sem_class": {
    "linear": {
      "train": 0.976986301369863,
      "test": 0.973741794310722
    },
    "mlp_16": {
      "train": 0.9605479452054795,
      "test": 0.9606126914660832
    },
    "mlp_64": {
      "train": 0.9665753424657534,
      "test": 0.962800875273523
    },
    "mlp_128": {
      "train": 0.9665753424657534,
      "test": 0.9649890590809628
    },
    "mlp_256": {
      "train": 0.966027397260274,
      "test": 0.973741794310722
    }
  },
  "probe_sty_class": {
    "linear": {
      "train": 0.9704109589041096,
      "test": 0.9715536105032823
    },
    "mlp_16": {
      "train": 0.9594520547945206,
      "test": 0.962800875273523
    },
    "mlp_64": {
      "train": 0.9567123287671233,
      "test": 0.9540481400437637
    },
    "mlp_128": {
      "train": 0.9643835616438357,
      "test": 0.9649890590809628
    },
    "mlp_256": {
      "train": 0.9676712328767123,
      "test": 0.9693654266958425
    }
  },
  "probe_sty_class_per_domain": {
    "holdout_d0": {
      "test_acc": 0.9030662710187932,
      "n_test": 1011
    },
    "holdout_d1": {
      "test_acc": 0.9606025492468134,
      "n_test": 863
    },
    "holdout_d2": {
      "test_acc": 0.9859154929577465,
      "n_test": 142
    },
    "holdout_d3": {
      "test_acc": 0.9323308270676691,
      "n_test": 266
    }
  },
  "task": "office_caltech10_c4",
  "ckpt": "/root/fl_checkpoints/sgpa_office_caltech10_c4_s333_R200_1776712906",
  "n_train": 1825,
  "n_test": 457,
  "random_class": 0.1,
  "random_domain": 0.25
}