{"option": {"sample": "uniform", "aggregate": "other", "num_rounds": 1, "proportion": 1.0, "learning_rate_decay": 0.9998, "lr_scheduler": "0", "early_stop": 20, "num_epochs": 200, "num_steps": -1, "learning_rate": 0.05, "batch_size": 50.0, "optimizer": "SGD", "clip_grad": 10.0, "momentum": 0.0, "weight_decay": 0.001, "num_edge_rounds": 5, "algo_para": [], "train_holdout": 0.2, "test_holdout": 0.0, "local_test": true, "local_test_ratio": 0.5, "seed": 15, "dataseed": 15, "gpu": [0], "server_with_cpu": false, "use_cache": false, "num_parallels": 1, "parallel_type": "r", "num_workers": 0, "load_mode": "", "pin_memory": false, "drop_last": false, "test_batch_size": 512, "test_parallel": false, "torch_num_threads": 1, "availability": "IDL", "connectivity": "IDL", "completeness": "IDL", "responsiveness": "IDL", "log_level": "INFO", "log_file": true, "no_log_console": true, "no_tqdm": false, "no_overwrite": false, "eval_interval": 1, "check_interval": 1, "save_checkpoint": "", "load_checkpoint": "", "save_optimal": false, "task": "task/office_caltech10_c4", "algorithm": "standalone", "scene": "horizontal", "simulator": "Simulator", "model": "default_model"}, "local_val_accuracy_dist": [[0.044642857142857144, 0.125, 0.0, 0.06666666666666667], [0.5267857142857143, 0.125, 0.1875, 0.13333333333333333]], "local_val_accuracy": [0.0748236005447544, 0.3079620432985818], "mean_local_val_accuracy": [0.05907738095238095, 0.2431547619047619], "std_local_val_accuracy": [0.04500522574532601, 0.1655032202144736], "min_local_val_accuracy": [0.0, 0.125], "max_local_val_accuracy": [0.125, 0.5267857142857143], "local_val_loss_dist": [[2.305413007736206, 2.300173759460449, 2.3090779781341553, 2.3035879135131836], [3.908238172531128, 2.30017352104187, 2.3054442405700684, 2.3034987449645996]], "local_val_loss": [2.303446814741138, 3.0137331784359334], "mean_local_val_loss": [2.3045631647109985, 2.7043386697769165], "std_local_val_loss": [0.0032141782295712663, 0.6950742570329556], "min_local_val_loss": [2.300173759460449, 2.30017352104187], "max_local_val_loss": [2.3090779781341553, 3.908238172531128], "local_test_accuracy_dist": [[0.09821428571428571, 0.15789473684210525, 0.06666666666666667, 0.10344827586206896], [0.5625, 0.15789473684210525, 0.2, 0.20689655172413793]], "local_test_accuracy": [0.1194347628789378, 0.3455721643810608], "mean_local_test_accuracy": [0.10655599127128164, 0.2818228221415608], "std_local_test_accuracy": [0.03281031454002833, 0.16313090504135114], "min_local_test_accuracy": [0.06666666666666667, 0.15789473684210525], "max_local_test_accuracy": [0.15789473684210525, 0.5625], "local_test_loss_dist": [[2.301424026489258, 2.3003931045532227, 2.2982373237609863, 2.305737257003784], [3.8243539333343506, 2.3003931045532227, 2.2963175773620605, 2.2976644039154053]], "local_test_loss": [2.3013380702430677, 2.975384867520492], "mean_local_test_loss": [2.3014479279518127, 2.6796822547912598], "std_local_test_loss": [0.002730363834196998, 0.6608781327588222], "min_local_test_loss": [2.2982373237609863, 2.2963175773620605], "max_local_test_loss": [2.305737257003784, 3.8243539333343506]}