{"option": {"sample": "uniform", "aggregate": "other", "num_rounds": 1, "proportion": 1.0, "learning_rate_decay": 0.9998, "lr_scheduler": "0", "early_stop": 20, "num_epochs": 200, "num_steps": -1, "learning_rate": 0.05, "batch_size": 50.0, "optimizer": "SGD", "clip_grad": 10.0, "momentum": 0.0, "weight_decay": 0.001, "num_edge_rounds": 5, "algo_para": [], "train_holdout": 0.2, "test_holdout": 0.0, "local_test": true, "local_test_ratio": 0.5, "seed": 333, "dataseed": 333, "gpu": [0], "server_with_cpu": false, "use_cache": false, "num_parallels": 1, "parallel_type": "r", "num_workers": 0, "load_mode": "", "pin_memory": false, "drop_last": false, "test_batch_size": 512, "test_parallel": false, "torch_num_threads": 1, "availability": "IDL", "connectivity": "IDL", "completeness": "IDL", "responsiveness": "IDL", "log_level": "INFO", "log_file": true, "no_log_console": true, "no_tqdm": false, "no_overwrite": false, "eval_interval": 1, "check_interval": 1, "save_checkpoint": "", "load_checkpoint": "", "save_optimal": false, "task": "task/office_caltech10_c4", "algorithm": "standalone", "scene": "horizontal", "simulator": "Simulator", "model": "default_model"}, "local_val_accuracy_dist": [[0.14285714285714285, 0.125, 0.0625, 0.13333333333333333], [0.21428571428571427, 0.7395833333333334, 0.1875, 0.13333333333333333]], "local_val_accuracy": [0.13000258288719826, 0.4018712724241571], "mean_local_val_accuracy": [0.11592261904761905, 0.31867559523809524], "std_local_val_accuracy": [0.03148403014087562, 0.24475465371864935], "min_local_val_accuracy": [0.0625, 0.13333333333333333], "max_local_val_accuracy": [0.14285714285714285, 0.7395833333333334], "local_val_loss_dist": [[2.3000893592834473, 2.301518440246582, 2.303208827972412, 2.3006348609924316], [2.2881968021392822, 1.301546335220337, 2.2872955799102783, 2.3006350994110107]], "local_val_loss": [2.3008871386507326, 1.9164319974195794], "mean_local_val_loss": [2.3013628721237183, 2.044418454170227], "std_local_val_loss": [0.0011814810195037737, 0.4289298123113535], "min_local_val_loss": [2.3000893592834473, 1.301546335220337], "max_local_val_loss": [2.303208827972412, 2.3006350994110107], "local_test_accuracy_dist": [[0.07142857142857142, 0.07368421052631578, 0.13333333333333333, 0.13793103448275862], [0.16071428571428573, 0.6947368421052632, 0.0, 0.13793103448275862]], "local_test_accuracy": [0.08386676495360007, 0.35004784264783567], "mean_local_test_accuracy": [0.10409428744274478, 0.2483455405755769], "std_local_test_accuracy": [0.03158982840893402, 0.26495815782375354], "min_local_test_accuracy": [0.07142857142857142, 0.0], "max_local_test_accuracy": [0.13793103448275862, 0.6947368421052632], "local_test_loss_dist": [[2.302860736846924, 2.304527521133423, 2.2975289821624756, 2.2993390560150146], [2.2996513843536377, 0.9962014555931091, 2.2951371669769287, 2.2993390560150146]], "local_test_loss": [2.3027500395003626, 1.8063631219095027], "mean_local_test_loss": [2.3010640740394592, 1.9725822657346725], "std_local_test_loss": [0.002770199666981879, 0.5637165420396575], "min_local_test_loss": [2.2975289821624756, 0.9962014555931091], "max_local_test_loss": [2.304527521133423, 2.2996513843536377]}