{"option": {"sample": "uniform", "aggregate": "other", "num_rounds": 1, "proportion": 1.0, "learning_rate_decay": 0.9998, "lr_scheduler": "0", "early_stop": 20, "num_epochs": 200, "num_steps": -1, "learning_rate": 0.05, "batch_size": 50.0, "optimizer": "SGD", "clip_grad": 10.0, "momentum": 0.0, "weight_decay": 0.001, "num_edge_rounds": 5, "algo_para": [], "train_holdout": 0.2, "test_holdout": 0.0, "local_test": true, "local_test_ratio": 0.5, "seed": 2, "dataseed": 2, "gpu": [0], "server_with_cpu": false, "use_cache": false, "num_parallels": 1, "parallel_type": "r", "num_workers": 0, "load_mode": "", "pin_memory": false, "drop_last": false, "test_batch_size": 512, "test_parallel": false, "torch_num_threads": 1, "availability": "IDL", "connectivity": "IDL", "completeness": "IDL", "responsiveness": "IDL", "log_level": "INFO", "log_file": true, "no_log_console": true, "no_tqdm": false, "no_overwrite": false, "eval_interval": 1, "check_interval": 1, "save_checkpoint": "", "load_checkpoint": "", "save_optimal": false, "task": "task/office_caltech10_c4", "algorithm": "standalone", "scene": "horizontal", "simulator": "Simulator", "model": "default_model"}, "local_val_accuracy_dist": [[0.0625, 0.125, 0.0625, 0.1], [0.125, 0.125, 0.1875, 0.1]], "local_val_accuracy": [0.0905017258382643, 0.12597386587771203], "mean_local_val_accuracy": [0.0875, 0.134375], "std_local_val_accuracy": [0.026516504294495532, 0.032325251352464376], "min_local_val_accuracy": [0.0625, 0.1], "max_local_val_accuracy": [0.125, 0.1875], "local_val_loss_dist": [[2.305030107498169, 2.302075147628784, 2.30255389213562, 2.29949951171875], [2.2987658977508545, 2.302074909210205, 2.302000045776367, 2.29949951171875]], "local_val_loss": [2.3031150789185624, 2.3003036922957065], "mean_local_val_loss": [2.302289664745331, 2.300585091114044], "std_local_val_loss": [0.0019628304881211525, 0.0014756017223694529], "min_local_val_loss": [2.29949951171875, 2.2987658977508545], "max_local_val_loss": [2.305030107498169, 2.302074909210205], "local_test_accuracy_dist": [[0.08928571428571429, 0.12631578947368421, 0.06666666666666667, 0.034482758620689655], [0.10714285714285714, 0.12631578947368421, 0.2, 0.034482758620689655]], "local_test_accuracy": [0.09550788890712807, 0.11170787481865242], "mean_local_test_accuracy": [0.07918773226168871, 0.11698535130930776], "std_local_test_accuracy": [0.03346018069815199, 0.05891103772922979], "min_local_test_accuracy": [0.034482758620689655, 0.034482758620689655], "max_local_test_accuracy": [0.12631578947368421, 0.2], "local_test_loss_dist": [[2.30379319190979, 2.2997806072235107, 2.305187463760376, 2.3038501739501953], [2.3019816875457764, 2.29978084564209, 2.301616668701172, 2.303849935531616]], "local_test_loss": [2.3023688692077844, 2.301344048694746], "mean_local_test_loss": [2.303152859210968, 2.3018072843551636], "std_local_test_loss": [0.0020253378082498628, 0.001444440072047804], "min_local_test_loss": [2.2997806072235107, 2.29978084564209], "max_local_test_loss": [2.305187463760376, 2.303849935531616]}