{
  "probe_sem_domain": {
    "linear": {
      "train": 0.44002779708130646,
      "test": 0.4296831573096164
    },
    "mlp_16": {
      "train": 0.7360667129951355,
      "test": 0.7376320177876599
    },
    "mlp_64": {
      "train": 0.7605281445448228,
      "test": 0.763757643135075
    },
    "mlp_128": {
      "train": 0.7671994440583739,
      "test": 0.7726514730405781
    },
    "mlp_256": {
      "train": 0.7795691452397498,
      "test": 0.7698721511951084
    }
  },
  "probe_sty_domain": {
    "linear": {
      "train": 0.759277275886032,
      "test": 0.7604224569205114
    },
    "mlp_16": {
      "train": 0.9993050729673384,
      "test": 0.9988882712618121
    },
    "mlp_64": {
      "train": 0.9980542043085476,
      "test": 0.9977765425236242
    },
    "mlp_128": {
      "train": 1.0,
      "test": 1.0
    },
    "mlp_256": {
      "train": 0.9994440583738707,
      "test": 0.9988882712618121
    }
  },
  "probe_sem_class": {
    "linear": {
      "train": 0.9616400277970814,
      "test": 0.9666481378543635
    },
    "mlp_16": {
      "train": 0.9591382904794996,
      "test": 0.962757087270706
    },
    "mlp_64": {
      "train": 0.9605281445448228,
      "test": 0.9660922734852696
    },
    "mlp_128": {
      "train": 0.9624739402362752,
      "test": 0.9660922734852696
    },
    "mlp_256": {
      "train": 0.9628908964558721,
      "test": 0.9660922734852696
    }
  },
  "probe_sty_class": {
    "linear": {
      "train": 0.29881862404447534,
      "test": 0.2946081156197888
    },
    "mlp_16": {
      "train": 0.3011813759555247,
      "test": 0.2884936075597554
    },
    "mlp_64": {
      "train": 0.7495482974287699,
      "test": 0.7520844913841023
    },
    "mlp_128": {
      "train": 0.7503822098679639,
      "test": 0.7520844913841023
    },
    "mlp_256": {
      "train": 0.8618485059068798,
      "test": 0.8649249583101724
    }
  },
  "probe_sty_class_per_domain": {
    "holdout_d0": {
      "test_acc": 0.5043383947939263,
      "n_test": 1844
    },
    "holdout_d1": {
      "test_acc": 0.5796208530805688,
      "n_test": 2110
    },
    "holdout_d2": {
      "test_acc": 0.2588157019294744,
      "n_test": 1503
    },
    "holdout_d3": {
      "test_acc": 0.04240882103477523,
      "n_test": 3537
    }
  },
  "task": "PACS_c4",
  "ckpt": "/root/fl_checkpoints/sgpa_PACS_c4_s15_R200_1776735232",
  "n_train": 7195,
  "n_test": 1799,
  "random_class": 0.14285714285714285,
  "random_domain": 0.25
}