{
  "probe_sem_domain": {
    "linear": {
      "train": 0.4372480889506602,
      "test": 0.42745969983324067
    },
    "mlp_16": {
      "train": 0.7410701876302989,
      "test": 0.7404113396331296
    },
    "mlp_64": {
      "train": 0.7338429464906184,
      "test": 0.7326292384658143
    },
    "mlp_128": {
      "train": 0.7546907574704657,
      "test": 0.7498610339077265
    },
    "mlp_256": {
      "train": 0.7467685892981237,
      "test": 0.7498610339077265
    }
  },
  "probe_sty_domain": {
    "linear": {
      "train": 0.7609451007644198,
      "test": 0.7620900500277932
    },
    "mlp_16": {
      "train": 0.7653926337734538,
      "test": 0.7654252362423568
    },
    "mlp_64": {
      "train": 0.9987491313412091,
      "test": 0.9988882712618121
    },
    "mlp_128": {
      "train": 0.9991660875608062,
      "test": 1.0
    },
    "mlp_256": {
      "train": 0.9997220291869354,
      "test": 1.0
    }
  },
  "probe_sem_class": {
    "linear": {
      "train": 0.9652536483669215,
      "test": 0.9660922734852696
    },
    "mlp_16": {
      "train": 0.9644197359277276,
      "test": 0.9655364091161757
    },
    "mlp_64": {
      "train": 0.9646977067407922,
      "test": 0.962757087270706
    },
    "mlp_128": {
      "train": 0.9655316191799861,
      "test": 0.9644246803779878
    },
    "mlp_256": {
      "train": 0.9656706045865184,
      "test": 0.9649805447470817
    }
  },
  "probe_sty_class": {
    "linear": {
      "train": 0.2394718554551772,
      "test": 0.24013340744858255
    },
    "mlp_16": {
      "train": 0.27546907574704654,
      "test": 0.2679266259032796
    },
    "mlp_64": {
      "train": 0.7075747046560111,
      "test": 0.6942745969983324
    },
    "mlp_128": {
      "train": 0.7188325225851285,
      "test": 0.7126181211784325
    },
    "mlp_256": {
      "train": 0.8012508686587908,
      "test": 0.8132295719844358
    }
  },
  "probe_sty_class_per_domain": {
    "holdout_d0": {
      "test_acc": 0.12472885032537961,
      "n_test": 1844
    },
    "holdout_d1": {
      "test_acc": 0.6251184834123222,
      "n_test": 2110
    },
    "holdout_d2": {
      "test_acc": 0.7052561543579507,
      "n_test": 1503
    },
    "holdout_d3": {
      "test_acc": 0.04240882103477523,
      "n_test": 3537
    }
  },
  "task": "PACS_c4",
  "ckpt": "/root/fl_checkpoints/sgpa_PACS_c4_s2_R200_1776725714",
  "n_train": 7195,
  "n_test": 1799,
  "random_class": 0.14285714285714285,
  "random_domain": 0.25
}