{
  "probe_sem_domain": {
    "linear": {
      "train": 0.4382209867963864,
      "test": 0.4291272929405225
    },
    "mlp_16": {
      "train": 0.773036831132731,
      "test": 0.7798777098387993
    },
    "mlp_64": {
      "train": 0.7713690062543433,
      "test": 0.7726514730405781
    },
    "mlp_128": {
      "train": 0.7863794301598332,
      "test": 0.7943301834352418
    },
    "mlp_256": {
      "train": 0.7945795691452398,
      "test": 0.7843246247915509
    }
  },
  "probe_sty_domain": {
    "linear": {
      "train": 0.8746351633078526,
      "test": 0.8649249583101724
    },
    "mlp_16": {
      "train": 0.3933287004864489,
      "test": 0.39299610894941633
    },
    "mlp_64": {
      "train": 0.9991660875608062,
      "test": 0.9977765425236242
    },
    "mlp_128": {
      "train": 0.9995830437804031,
      "test": 0.9988882712618121
    },
    "mlp_256": {
      "train": 0.9997220291869354,
      "test": 0.9988882712618121
    }
  },
  "probe_sem_class": {
    "linear": {
      "train": 0.9656706045865184,
      "test": 0.9666481378543635
    },
    "mlp_16": {
      "train": 0.9642807505211953,
      "test": 0.9666481378543635
    },
    "mlp_64": {
      "train": 0.9631688672689368,
      "test": 0.9677598665925514
    },
    "mlp_128": {
      "train": 0.9648366921473245,
      "test": 0.9688715953307393
    },
    "mlp_256": {
      "train": 0.9660875608061154,
      "test": 0.9677598665925514
    }
  },
  "probe_sty_class": {
    "linear": {
      "train": 0.248227936066713,
      "test": 0.23513062812673707
    },
    "mlp_16": {
      "train": 0.6416956219596942,
      "test": 0.6209005002779322
    },
    "mlp_64": {
      "train": 0.6437804030576789,
      "test": 0.6203446359088383
    },
    "mlp_128": {
      "train": 0.8514246004169562,
      "test": 0.8432462479155086
    },
    "mlp_256": {
      "train": 0.8507296733842946,
      "test": 0.8332406892718177
    }
  },
  "probe_sty_class_per_domain": {
    "holdout_d0": {
      "test_acc": 0.2727765726681128,
      "n_test": 1844
    },
    "holdout_d1": {
      "test_acc": 0.25071090047393363,
      "n_test": 2110
    },
    "holdout_d2": {
      "test_acc": 0.11177644710578842,
      "n_test": 1503
    },
    "holdout_d3": {
      "test_acc": 0.04240882103477523,
      "n_test": 3537
    }
  },
  "task": "PACS_c4",
  "ckpt": "/root/fl_checkpoints/sgpa_PACS_c4_s2_R200_1776735738",
  "n_train": 7195,
  "n_test": 1799,
  "random_class": 0.14285714285714285,
  "random_domain": 0.25
}